date,season,regular_season,playoff,superbowl,Opponent,Packers Win,packers_score,opponent_score,location
1921-10-23,1921,1,0,,Minneapolis Red Jackets,WIN,7,6,HOME
1921-10-30,1921,1,0,,Rock Island Independents,LOSS,3,13,HOME
1921-11-06,1921,1,0,,Evansville Crimson Giants,WIN,43,6,HOME
1921-11-13,1921,1,0,,Hammond Pros,WIN,14,7,HOME
1921-11-20,1921,1,0,,Arizona Cardinals,TIE,3,3,AWAY
1921-11-27,1921,1,0,,Chicago Bears,LOSS,0,20,AWAY
1922-10-01,1922,1,0,,Rock Island Independents,LOSS,14,19,AWAY
1922-10-08,1922,1,0,,Racine Tornadoes,LOSS,6,10,HOME
1922-10-15,1922,1,0,,Arizona Cardinals,LOSS,3,16,AWAY
1922-10-22,1922,1,0,,Milwaukee Badgers,TIE,0,0,AWAY
1922-10-29,1922,1,0,,Rock Island Independents,TIE,0,0,HOME
1922-11-05,1922,1,0,,Columbus Tigers,WIN,3,0,HOME
1922-11-12,1922,1,0,,Minneapolis Red Jackets,WIN,14,6,HOME
1922-11-19,1922,1,0,,Racine Tornadoes,TIE,3,3,AWAY
1922-11-26,1922,1,0,,Milwaukee Badgers,WIN,13,0,HOME
1922-12-03,1922,1,0,,Racine Tornadoes,WIN,14,0,AWAY
1923-09-30,1923,1,0,,Minneapolis Red Jackets,WIN,12,0,HOME
1923-10-07,1923,1,0,,St. Louis All-Stars,TIE,0,0,HOME
1923-10-14,1923,1,0,,Chicago Bears,LOSS,0,3,HOME
1923-10-21,1923,1,0,,Milwaukee Badgers,WIN,12,0,HOME
1923-10-28,1923,1,0,,Racine Tornadoes,LOSS,3,24,HOME
1923-11-04,1923,1,0,,St. Louis All-Stars,WIN,3,0,AWAY
1923-11-11,1923,1,0,,Racine Tornadoes,WIN,16,0,AWAY
1923-11-18,1923,1,0,,Milwaukee Badgers,WIN,10,7,AWAY
1923-11-25,1923,1,0,,Newark Tornadoes,WIN,10,0,HOME
1923-11-29,1923,1,0,,Hammond Pros,WIN,19,0,HOME
1924-09-28,1924,1,0,,Newark Tornadoes,LOSS,3,6,AWAY
1924-10-05,1924,1,0,,Arizona Cardinals,LOSS,0,3,AWAY
1924-10-12,1924,1,0,,Kansas City Cowboys,WIN,16,0,HOME
1924-10-19,1924,1,0,,Milwaukee Badgers,WIN,17,0,HOME
1924-10-26,1924,1,0,,Minneapolis Red Jackets,WIN,19,0,HOME
1924-11-02,1924,1,0,,Racine Tornadoes,WIN,6,3,HOME
1924-11-09,1924,1,0,,Newark Tornadoes,WIN,13,0,HOME
1924-11-16,1924,1,0,,Milwaukee Badgers,WIN,17,10,AWAY
1924-11-23,1924,1,0,,Chicago Bears,LOSS,0,3,AWAY
1924-11-27,1924,1,0,,Kansas City Cowboys,WIN,17,6,AWAY
1924-11-30,1924,1,0,,Racine Tornadoes,LOSS,0,7,AWAY
1925-09-20,1925,1,0,,Hammond Pros,WIN,14,0,HOME
1925-09-27,1925,1,0,,Chicago Bears,WIN,14,10,HOME
1925-10-04,1925,1,0,,Rock Island Independents,LOSS,0,3,AWAY
1925-10-11,1925,1,0,,Milwaukee Badgers,WIN,31,0,HOME
1925-10-18,1925,1,0,,Rock Island Independents,WIN,20,0,HOME
1925-10-25,1925,1,0,,Rochester Jeffersons,WIN,33,13,HOME
1925-11-01,1925,1,0,,Milwaukee Badgers,WIN,6,0,AWAY
1925-11-08,1925,1,0,,Arizona Cardinals,LOSS,6,9,AWAY
1925-11-15,1925,1,0,,Dayton Triangles,WIN,7,0,HOME
1925-11-22,1925,1,0,,Chicago Bears,LOSS,0,21,AWAY
1925-11-26,1925,1,0,,Boston Bulldogs,LOSS,0,31,AWAY
1925-11-28,1925,1,0,,Franford Yellow Jackets,LOSS,7,13,AWAY
1925-12-06,1925,1,0,,Providence Steam Roller,WIN,13,10,AWAY
1926-09-19,1926,1,0,,Detroit Panthers,WIN,21,0,HOME
1926-09-26,1926,1,0,,Chicago Bears,TIE,6,6,HOME
1926-10-03,1926,1,0,,Newark Tornadoes,TIE,0,0,HOME
1926-10-10,1926,1,0,,Arizona Cardinals,LOSS,7,13,HOME
1926-10-17,1926,1,0,,Milwaukee Badgers,WIN,7,0,HOME
1926-10-24,1926,1,0,,Racine Tornadoes,WIN,35,0,HOME
1926-10-31,1926,1,0,,Arizona Cardinals,WIN,3,0,AWAY
1926-11-07,1926,1,0,,Milwaukee Badgers,WIN,21,0,AWAY
1926-11-14,1926,1,0,,Louisville Colonels,WIN,14,0,HOME
1926-11-21,1926,1,0,,Chicago Bears,LOSS,13,19,AWAY
1926-11-25,1926,1,0,,Franford Yellow Jackets,LOSS,14,20,AWAY
1926-11-28,1926,1,0,,Detroit Panthers,WIN,7,0,AWAY
1926-12-19,1926,1,0,,Chicago Bears,TIE,3,3,HOME
1927-09-18,1927,1,0,,Dayton Triangles,WIN,14,0,HOME
1927-09-25,1927,1,0,,Cleveland Bulldogs,WIN,12,7,HOME
1927-10-02,1927,1,0,,Chicago Bears,LOSS,6,7,HOME
1927-10-09,1927,1,0,,Newark Tornadoes,WIN,20,0,HOME
1927-10-16,1927,1,0,,Arizona Cardinals,WIN,13,0,HOME
1927-10-23,1927,1,0,,Staten Island Stapletons,WIN,13,0,HOME
1927-11-06,1927,1,0,,Arizona Cardinals,TIE,6,6,AWAY
1927-11-13,1927,1,0,,Dayton Triangles,WIN,6,0,HOME
1927-11-20,1927,1,0,,Chicago Bears,LOSS,6,14,AWAY
1927-11-24,1927,1,0,,Franford Yellow Jackets,WIN,17,9,AWAY
1928-09-23,1928,1,0,,Franford Yellow Jackets,LOSS,9,19,HOME
1928-09-30,1928,1,0,,Chicago Bears,TIE,12,12,HOME
1928-10-07,1928,1,0,,New York Giants,LOSS,0,6,HOME
1928-10-14,1928,1,0,,Arizona Cardinals,WIN,20,0,HOME
1928-10-21,1928,1,0,,Chicago Bears,WIN,16,6,AWAY
1928-10-28,1928,1,0,,Dayton Triangles,WIN,17,0,HOME
1928-11-04,1928,1,0,,Boston Bulldogs,WIN,26,14,AWAY
1928-11-11,1928,1,0,,Staten Island Stapletons,TIE,0,0,HOME
1928-11-18,1928,1,0,,New York Giants,WIN,7,0,AWAY
1928-11-25,1928,1,0,,Boston Bulldogs,LOSS,0,26,AWAY
1928-11-29,1928,1,0,,Franford Yellow Jackets,LOSS,0,2,AWAY
1928-12-02,1928,1,0,,Providence Steam Roller,TIE,7,7,AWAY
1928-12-09,1928,1,0,,Chicago Bears,WIN,6,0,AWAY
1929-09-22,1929,1,0,,Dayton Triangles,WIN,9,0,HOME
1929-09-29,1929,1,0,,Chicago Bears,WIN,23,0,HOME
1929-10-06,1929,1,0,,Arizona Cardinals,WIN,9,2,HOME
1929-10-13,1929,1,0,,Franford Yellow Jackets,WIN,14,2,HOME
1929-10-20,1929,1,0,,Minneapolis Red Jackets,WIN,24,0,HOME
1929-10-27,1929,1,0,,Arizona Cardinals,WIN,7,6,AWAY
1929-11-03,1929,1,0,,Minneapolis Red Jackets,WIN,16,6,AWAY
1929-11-10,1929,1,0,,Chicago Bears,WIN,14,0,AWAY
1929-11-17,1929,1,0,,Arizona Cardinals,WIN,12,0,AWAY
1929-11-24,1929,1,0,,New York Giants,WIN,20,6,AWAY
1929-11-28,1929,1,0,,Franford Yellow Jackets,TIE,0,0,HOME
1929-12-01,1929,1,0,,Providence Steam Roller,WIN,25,0,AWAY
1929-12-08,1929,1,0,,Chicago Bears,WIN,25,0,AWAY
1930-09-21,1930,1,0,,Arizona Cardinals,WIN,14,0,HOME
1930-09-28,1930,1,0,,Chicago Bears,WIN,7,0,HOME
1930-10-05,1930,1,0,,New York Giants,WIN,14,7,HOME
1930-10-12,1930,1,0,,Franford Yellow Jackets,WIN,27,12,HOME
1930-10-19,1930,1,0,,Minneapolis Red Jackets,WIN,13,0,AWAY
1930-10-26,1930,1,0,,Minneapolis Red Jackets,WIN,19,0,HOME
1930-11-02,1930,1,0,,Detroit Lions,WIN,47,13,HOME
1930-11-09,1930,1,0,,Chicago Bears,WIN,13,12,AWAY
1930-11-16,1930,1,0,,Arizona Cardinals,LOSS,6,13,AWAY
1930-11-23,1930,1,0,,New York Giants,LOSS,6,13,AWAY
1930-11-27,1930,1,0,,Franford Yellow Jackets,WIN,25,7,HOME
1930-11-30,1930,1,0,,Staten Island Stapletons,WIN,37,7,AWAY
1930-12-07,1930,1,0,,Chicago Bears,LOSS,0,21,AWAY
1930-12-14,1930,1,0,,Detroit Lions,TIE,6,6,AWAY
1931-09-13,1931,1,0,,Cleveland Indians,WIN,26,0,HOME
1931-09-20,1931,1,0,,New York Yankees,WIN,32,6,HOME
1931-09-27,1931,1,0,,Chicago Bears,WIN,7,0,HOME
1931-10-04,1931,1,0,,New York Giants,WIN,27,7,HOME
1931-10-11,1931,1,0,,Arizona Cardinals,WIN,26,7,HOME
1931-10-18,1931,1,0,,Franford Yellow Jackets,WIN,15,0,HOME
1931-10-25,1931,1,0,,Providence Steam Roller,WIN,48,20,HOME
1931-11-01,1931,1,0,,Chicago Bears,WIN,6,2,AWAY
1931-11-08,1931,1,0,,Staten Island Stapletons,WIN,26,0,HOME
1931-11-15,1931,1,0,,Arizona Cardinals,LOSS,13,21,AWAY
1931-11-22,1931,1,0,,New York Giants,WIN,14,10,AWAY
1931-11-26,1931,1,0,,Providence Steam Roller,WIN,38,7,AWAY
1931-11-29,1931,1,0,,New York Yankees,WIN,7,0,AWAY
1931-12-06,1931,1,0,,Chicago Bears,LOSS,6,7,AWAY
1932-09-18,1932,1,0,,Arizona Cardinals,WIN,15,7,HOME
1932-09-25,1932,1,0,,Chicago Bears,TIE,0,0,HOME
1932-10-02,1932,1,0,,New York Giants,WIN,13,0,HOME
1932-10-09,1932,1,0,,Detroit Lions,WIN,15,10,HOME
1932-10-16,1932,1,0,,Chicago Bears,WIN,2,0,AWAY
1932-10-23,1932,1,0,,New York Yankees,WIN,13,0,HOME
1932-10-30,1932,1,0,,Staten Island Stapletons,WIN,26,0,HOME
1932-11-06,1932,1,0,,Arizona Cardinals,WIN,19,9,AWAY
1932-11-13,1932,1,0,,Washington Commanders,WIN,21,0,AWAY
1932-11-20,1932,1,0,,New York Giants,LOSS,0,6,AWAY
1932-11-24,1932,1,0,,New York Yankees,WIN,7,0,AWAY
1932-11-27,1932,1,0,,Staten Island Stapletons,WIN,21,3,AWAY
1932-12-04,1932,1,0,,Detroit Lions,LOSS,0,19,AWAY
1932-12-11,1932,1,0,,Chicago Bears,LOSS,0,9,AWAY
1933-09-17,1933,1,0,,Washington Commanders,TIE,7,7,HOME
1933-09-24,1933,1,0,,Chicago Bears,LOSS,7,14,HOME
1933-10-01,1933,1,0,,New York Giants,LOSS,7,10,HOME
1933-10-08,1933,1,0,,Detroit Lions,WIN,17,0,HOME
1933-10-15,1933,1,0,,Pittsburgh Steelers,WIN,47,0,HOME
1933-10-22,1933,1,0,,Chicago Bears,LOSS,7,10,AWAY
1933-10-29,1933,1,0,,Philadelphia Eagles,WIN,35,9,HOME
1933-11-05,1933,1,0,,Arizona Cardinals,WIN,14,6,AWAY
1933-11-12,1933,1,0,,Detroit Lions,LOSS,0,7,AWAY
1933-11-19,1933,1,0,,Washington Commanders,LOSS,7,20,AWAY
1933-11-26,1933,1,0,,New York Giants,LOSS,6,17,AWAY
1933-12-03,1933,1,0,,Philadelphia Eagles,WIN,10,0,AWAY
1933-12-10,1933,1,0,,Chicago Bears,LOSS,6,7,AWAY
1934-09-16,1934,1,0,,Philadelphia Eagles,WIN,19,6,HOME
1934-09-23,1934,1,0,,Chicago Bears,LOSS,10,24,HOME
1934-09-30,1934,1,0,,New York Giants,WIN,20,6,HOME
1934-10-07,1934,1,0,,Detroit Lions,LOSS,0,3,HOME
1934-10-14,1934,1,0,,Cincinnati Reds,WIN,41,0,HOME
1934-10-21,1934,1,0,,Arizona Cardinals,WIN,15,0,HOME
1934-10-28,1934,1,0,,Chicago Bears,LOSS,14,27,AWAY
1934-11-04,1934,1,0,,Washington Commanders,WIN,10,0,AWAY
1934-11-11,1934,1,0,,New York Giants,LOSS,3,17,AWAY
1934-11-18,1934,1,0,,Arizona Cardinals,LOSS,0,9,HOME
1934-11-25,1934,1,0,,Detroit Lions,WIN,3,0,AWAY
1934-11-29,1934,1,0,,Arizona Cardinals,LOSS,0,6,AWAY
1934-12-02,1934,1,0,,St. Louis Gunners,WIN,21,14,AWAY
1935-09-15,1935,1,0,,Arizona Cardinals,LOSS,6,7,HOME
1935-09-22,1935,1,0,,Chicago Bears,WIN,7,0,HOME
1935-09-29,1935,1,0,,New York Giants,WIN,16,7,HOME
1935-10-06,1935,1,0,,Pittsburgh Steelers,WIN,27,0,HOME
1935-10-13,1935,1,0,,Arizona Cardinals,LOSS,0,3,AWAY
1935-10-20,1935,1,0,,Detroit Lions,WIN,13,9,HOME
1935-10-27,1935,1,0,,Chicago Bears,WIN,17,14,AWAY
1935-11-10,1935,1,0,,Detroit Lions,WIN,31,7,HOME
1935-11-17,1935,1,0,,Detroit Lions,LOSS,10,20,AWAY
1935-11-24,1935,1,0,,Pittsburgh Steelers,WIN,34,14,AWAY
1935-11-28,1935,1,0,,Arizona Cardinals,LOSS,7,9,AWAY
1935-12-08,1935,1,0,,Philadelphia Eagles,WIN,13,6,AWAY
1936-09-13,1936,1,0,,Arizona Cardinals,WIN,10,7,HOME
1936-09-20,1936,1,0,,Chicago Bears,LOSS,3,30,HOME
1936-10-04,1936,1,0,,Arizona Cardinals,WIN,24,0,HOME
1936-10-11,1936,1,0,,Washington Commanders,WIN,31,2,HOME
1936-10-18,1936,1,0,,Detroit Lions,WIN,20,18,HOME
1936-10-25,1936,1,0,,Pittsburgh Steelers,WIN,42,10,HOME
1936-11-01,1936,1,0,,Chicago Bears,WIN,21,10,AWAY
1936-11-08,1936,1,0,,Washington Commanders,WIN,7,3,AWAY
1936-11-15,1936,1,0,,New York Yankees,WIN,38,7,AWAY
1936-11-22,1936,1,0,,New York Giants,WIN,26,14,AWAY
1936-11-29,1936,1,0,,Detroit Lions,WIN,26,17,AWAY
1936-12-06,1936,1,0,,Arizona Cardinals,TIE,0,0,AWAY
1936-12-13,1936,0,1,,Washington Commanders,WIN,21,6,AWAY
1937-09-12,1937,1,0,,Arizona Cardinals,LOSS,7,14,HOME
1937-09-19,1937,1,0,,Chicago Bears,LOSS,2,14,HOME
1937-10-03,1937,1,0,,Detroit Lions,WIN,26,6,HOME
1937-10-10,1937,1,0,,Arizona Cardinals,WIN,34,13,HOME
1937-10-17,1937,1,0,,Los Angeles Rams,WIN,35,10,AWAY
1937-10-24,1937,1,0,,Los Angeles Rams,WIN,35,7,HOME
1937-10-31,1937,1,0,,Detroit Lions,WIN,14,13,AWAY
1937-11-07,1937,1,0,,Chicago Bears,WIN,24,14,AWAY
1937-11-14,1937,1,0,,Philadelphia Eagles,WIN,37,7,HOME
1937-11-21,1937,1,0,,New York Giants,LOSS,0,10,AWAY
1937-11-28,1937,1,0,,Washington Commanders,LOSS,6,14,AWAY
1938-09-11,1938,1,0,,Los Angeles Rams,WIN,26,17,HOME
1938-09-18,1938,1,0,,Chicago Bears,LOSS,0,2,HOME
1938-09-25,1938,1,0,,Arizona Cardinals,WIN,28,7,HOME
1938-09-28,1938,1,0,,Arizona Cardinals,WIN,24,22,AWAY
1938-10-09,1938,1,0,,Detroit Lions,LOSS,7,17,HOME
1938-10-16,1938,1,0,,New York Yankees,WIN,35,7,HOME
1938-10-23,1938,1,0,,Pittsburgh Steelers,WIN,20,0,HOME
1938-10-30,1938,1,0,,Los Angeles Rams,WIN,28,7,AWAY
1938-11-06,1938,1,0,,Chicago Bears,WIN,24,17,AWAY
1938-11-13,1938,1,0,,Detroit Lions,WIN,28,7,AWAY
1938-11-20,1938,1,0,,New York Giants,LOSS,3,15,AWAY
1938-12-11,1938,0,1,,New York Giants,LOSS,17,23,AWAY
1939-09-17,1939,1,0,,Arizona Cardinals,WIN,14,10,HOME
1939-09-24,1939,1,0,,Chicago Bears,WIN,21,16,HOME
1939-10-01,1939,1,0,,Los Angeles Rams,LOSS,24,27,HOME
1939-10-08,1939,1,0,,Arizona Cardinals,WIN,27,20,HOME
1939-10-22,1939,1,0,,Detroit Lions,WIN,26,7,HOME
1939-10-29,1939,1,0,,Washington Commanders,WIN,24,14,HOME
1939-11-05,1939,1,0,,Chicago Bears,LOSS,27,30,AWAY
1939-11-12,1939,1,0,,Philadelphia Eagles,WIN,23,16,AWAY
1939-11-19,1939,1,0,,New York Yankees,WIN,28,0,AWAY
1939-11-26,1939,1,0,,Los Angeles Rams,WIN,7,6,AWAY
1939-12-03,1939,1,0,,Detroit Lions,WIN,12,7,AWAY
1939-12-10,1939,0,1,,New York Giants,WIN,27,0,HOME
1940-09-15,1940,1,0,,Philadelphia Eagles,WIN,27,20,HOME
1940-09-22,1940,1,0,,Chicago Bears,LOSS,10,41,HOME
1940-09-29,1940,1,0,,Arizona Cardinals,WIN,31,6,HOME
1940-10-13,1940,1,0,,Los Angeles Rams,WIN,31,14,HOME
1940-10-20,1940,1,0,,Detroit Lions,LOSS,14,23,HOME
1940-10-27,1940,1,0,,Pittsburgh Steelers,WIN,24,3,HOME
1940-11-03,1940,1,0,,Chicago Bears,LOSS,7,14,AWAY
1940-11-10,1940,1,0,,Arizona Cardinals,WIN,28,7,AWAY
1940-11-17,1940,1,0,,New York Giants,LOSS,3,7,AWAY
1940-11-24,1940,1,0,,Detroit Lions,WIN,50,7,AWAY
1940-12-01,1940,1,0,,Los Angeles Rams,TIE,13,13,AWAY
1941-09-14,1941,1,0,,Detroit Lions,WIN,23,0,HOME
1941-09-21,1941,1,0,,Los Angeles Rams,WIN,24,7,HOME
1941-09-28,1941,1,0,,Chicago Bears,LOSS,17,25,HOME
1941-10-05,1941,1,0,,Arizona Cardinals,WIN,14,13,HOME
1941-10-12,1941,1,0,,New York Yankees,WIN,30,7,HOME
1941-10-19,1941,1,0,,Los Angeles Rams,WIN,17,14,AWAY
1941-10-26,1941,1,0,,Detroit Lions,WIN,24,7,AWAY
1941-11-02,1941,1,0,,Chicago Bears,WIN,16,14,AWAY
1941-11-16,1941,1,0,,Arizona Cardinals,WIN,17,9,HOME
1941-11-23,1941,1,0,,Pittsburgh Steelers,WIN,54,7,AWAY
1941-11-30,1941,1,0,,Washington Commanders,WIN,22,17,AWAY
1941-12-14,1941,0,1,,Chicago Bears,LOSS,14,33,AWAY
1942-09-27,1942,1,0,,Chicago Bears,LOSS,28,44,HOME
1942-10-04,1942,1,0,,Arizona Cardinals,WIN,17,13,AWAY
1942-10-11,1942,1,0,,Detroit Lions,WIN,38,7,HOME
1942-10-18,1942,1,0,,Los Angeles Rams,WIN,45,28,HOME
1942-10-25,1942,1,0,,Detroit Lions,WIN,28,7,AWAY
1942-11-01,1942,1,0,,Arizona Cardinals,WIN,55,24,HOME
1942-11-08,1942,1,0,,Los Angeles Rams,WIN,30,12,AWAY
1942-11-15,1942,1,0,,Chicago Bears,LOSS,7,38,AWAY
1942-11-22,1942,1,0,,New York Giants,TIE,21,21,AWAY
1942-11-29,1942,1,0,,Philadelphia Eagles,WIN,7,0,AWAY
1942-12-06,1942,1,0,,Pittsburgh Steelers,WIN,24,21,HOME
1943-09-26,1943,1,0,,Chicago Bears,TIE,21,21,HOME
1943-10-03,1943,1,0,,Arizona Cardinals,WIN,28,7,AWAY
1943-10-10,1943,1,0,,Detroit Lions,WIN,35,14,HOME
1943-10-17,1943,1,0,,Washington Commanders,LOSS,7,33,HOME
1943-10-24,1943,1,0,,Detroit Lions,WIN,27,6,AWAY
1943-10-31,1943,1,0,,New York Giants,WIN,35,21,AWAY
1943-11-07,1943,1,0,,Chicago Bears,LOSS,7,21,AWAY
1943-11-14,1943,1,0,,Arizona Cardinals,WIN,35,14,HOME
1943-11-21,1943,1,0,,New York Yankees,WIN,31,7,AWAY
1943-12-05,1943,1,0,,Phil-Pitt Combine,WIN,38,28,AWAY
1944-09-17,1944,1,0,,New York Yankees,WIN,14,7,HOME
1944-09-24,1944,1,0,,Chicago Bears,WIN,42,28,HOME
1944-10-01,1944,1,0,,Detroit Lions,WIN,27,6,HOME
1944-10-08,1944,1,0,,Card-Pitt Combine,WIN,34,7,HOME
1944-10-22,1944,1,0,,Los Angeles Rams,WIN,30,21,HOME
1944-10-29,1944,1,0,,Detroit Lions,WIN,14,0,AWAY
1944-11-05,1944,1,0,,Chicago Bears,LOSS,0,21,AWAY
1944-11-12,1944,1,0,,Los Angeles Rams,WIN,42,7,AWAY
1944-11-19,1944,1,0,,New York Giants,LOSS,0,24,AWAY
1944-11-26,1944,1,0,,Card-Pitt Combine,WIN,35,20,AWAY
1944-12-17,1944,0,1,,New York Giants,WIN,14,7,AWAY
1945-09-30,1945,1,0,,Chicago Bears,WIN,31,21,HOME
1945-10-07,1945,1,0,,Detroit Lions,WIN,57,21,HOME
1945-10-14,1945,1,0,,Los Angeles Rams,LOSS,14,27,HOME
1945-10-21,1945,1,0,,Dallas Texans,WIN,38,14,HOME
1945-10-28,1945,1,0,,Arizona Cardinals,WIN,33,14,HOME
1945-11-04,1945,1,0,,Chicago Bears,LOSS,24,28,AWAY
1945-11-11,1945,1,0,,Los Angeles Rams,LOSS,7,20,AWAY
1945-11-18,1945,1,0,,Dallas Texans,WIN,28,0,AWAY
1945-11-25,1945,1,0,,New York Giants,WIN,23,14,AWAY
1945-12-02,1945,1,0,,Detroit Lions,LOSS,3,14,AWAY
1946-09-29,1946,1,0,,Chicago Bears,LOSS,7,30,HOME
1946-10-06,1946,1,0,,Los Angeles Rams,LOSS,17,21,HOME
1946-10-13,1946,1,0,,Philadelphia Eagles,WIN,19,7,AWAY
1946-10-20,1946,1,0,,Pittsburgh Steelers,WIN,17,7,HOME
1946-10-27,1946,1,0,,Detroit Lions,WIN,10,7,HOME
1946-11-03,1946,1,0,,Chicago Bears,LOSS,7,10,AWAY
1946-11-10,1946,1,0,,Arizona Cardinals,WIN,19,7,AWAY
1946-11-17,1946,1,0,,Detroit Lions,WIN,9,0,AWAY
1946-11-24,1946,1,0,,Arizona Cardinals,LOSS,6,24,HOME
1946-12-01,1946,1,0,,Washington Commanders,WIN,20,7,AWAY
1946-12-08,1946,1,0,,Los Angeles Rams,LOSS,17,38,AWAY
1947-09-28,1947,1,0,,Chicago Bears,WIN,29,20,HOME
1947-10-05,1947,1,0,,Los Angeles Rams,WIN,17,14,HOME
1947-10-12,1947,1,0,,Arizona Cardinals,LOSS,10,14,HOME
1947-10-19,1947,1,0,,Washington Commanders,WIN,27,10,HOME
1947-10-26,1947,1,0,,Detroit Lions,WIN,34,17,HOME
1947-11-02,1947,1,0,,Pittsburgh Steelers,LOSS,17,18,HOME
1947-11-09,1947,1,0,,Chicago Bears,LOSS,17,20,AWAY
1947-11-16,1947,1,0,,Arizona Cardinals,LOSS,20,21,AWAY
1947-11-23,1947,1,0,,New York Giants,TIE,24,24,AWAY
1947-11-30,1947,1,0,,Los Angeles Rams,WIN,30,10,AWAY
1947-12-07,1947,1,0,,Detroit Lions,WIN,35,14,AWAY
1947-12-14,1947,1,0,,Philadelphia Eagles,LOSS,14,28,AWAY
1948-09-17,1948,1,0,,Dallas Texans,WIN,31,0,AWAY
1948-09-26,1948,1,0,,Chicago Bears,LOSS,7,45,HOME
1948-10-03,1948,1,0,,Detroit Lions,WIN,33,21,HOME
1948-10-10,1948,1,0,,Arizona Cardinals,LOSS,7,17,HOME
1948-10-17,1948,1,0,,Los Angeles Rams,WIN,16,0,HOME
1948-10-24,1948,1,0,,Washington Commanders,LOSS,7,23,HOME
1948-10-31,1948,1,0,,Detroit Lions,LOSS,20,24,AWAY
1948-11-07,1948,1,0,,Pittsburgh Steelers,LOSS,7,38,AWAY
1948-11-14,1948,1,0,,Chicago Bears,LOSS,6,7,AWAY
1948-11-21,1948,1,0,,New York Giants,LOSS,3,49,HOME
1948-11-28,1948,1,0,,Los Angeles Rams,LOSS,10,24,AWAY
1948-12-05,1948,1,0,,Arizona Cardinals,LOSS,7,42,AWAY
1949-09-25,1949,1,0,,Chicago Bears,LOSS,0,17,HOME
1949-10-02,1949,1,0,,Los Angeles Rams,LOSS,7,48,HOME
1949-10-07,1949,1,0,,Dallas Texans,WIN,19,0,AWAY
1949-10-16,1949,1,0,,Arizona Cardinals,LOSS,17,39,HOME
1949-10-23,1949,1,0,,Los Angeles Rams,LOSS,7,35,AWAY
1949-10-30,1949,1,0,,Detroit Lions,WIN,16,14,HOME
1949-11-06,1949,1,0,,Chicago Bears,LOSS,3,24,AWAY
1949-11-13,1949,1,0,,New York Giants,LOSS,10,30,HOME
1949-11-20,1949,1,0,,Pittsburgh Steelers,LOSS,7,30,HOME
1949-11-27,1949,1,0,,Arizona Cardinals,LOSS,21,41,AWAY
1949-12-04,1949,1,0,,Washington Commanders,LOSS,0,30,AWAY
1949-12-11,1949,1,0,,Detroit Lions,LOSS,7,21,AWAY
1950-09-17,1950,1,0,,Detroit Lions,LOSS,7,45,HOME
1950-09-24,1950,1,0,,Washington Commanders,WIN,35,21,HOME
1950-10-01,1950,1,0,,Chicago Bears,WIN,31,21,HOME
1950-10-08,1950,1,0,,Dallas Texans,LOSS,31,44,HOME
1950-10-15,1950,1,0,,Chicago Bears,LOSS,14,28,AWAY
1950-10-19,1950,1,0,,Dallas Texans,LOSS,17,35,AWAY
1950-11-05,1950,1,0,,Baltimore Colts,LOSS,21,41,AWAY
1950-11-12,1950,1,0,,Los Angeles Rams,LOSS,14,45,HOME
1950-11-19,1950,1,0,,Detroit Lions,LOSS,21,24,AWAY
1950-11-26,1950,1,0,,San Francisco 49ers,WIN,25,21,HOME
1950-12-03,1950,1,0,,Los Angeles Rams,LOSS,14,51,AWAY
1950-12-10,1950,1,0,,San Francisco 49ers,LOSS,14,30,AWAY
1951-09-30,1951,1,0,,Chicago Bears,LOSS,20,31,HOME
1951-10-07,1951,1,0,,Pittsburgh Steelers,WIN,35,33,HOME
1951-10-14,1951,1,0,,Philadelphia Eagles,WIN,37,24,HOME
1951-10-21,1951,1,0,,Los Angeles Rams,LOSS,0,28,HOME
1951-10-28,1951,1,0,,Dallas Texans,WIN,29,27,AWAY
1951-11-04,1951,1,0,,Detroit Lions,LOSS,17,24,HOME
1951-11-11,1951,1,0,,Pittsburgh Steelers,LOSS,7,28,AWAY
1951-11-18,1951,1,0,,Chicago Bears,LOSS,13,24,AWAY
1951-11-22,1951,1,0,,Detroit Lions,LOSS,35,52,AWAY
1951-12-02,1951,1,0,,Dallas Texans,LOSS,28,31,HOME
1951-12-09,1951,1,0,,San Francisco 49ers,LOSS,19,31,AWAY
1951-12-16,1951,1,0,,Los Angeles Rams,LOSS,14,42,AWAY
1952-09-28,1952,1,0,,Chicago Bears,LOSS,14,24,HOME
1952-10-05,1952,1,0,,Washington Commanders,WIN,35,20,HOME
1952-10-12,1952,1,0,,Los Angeles Rams,LOSS,28,30,HOME
1952-10-18,1952,1,0,,Dallas Texans,WIN,24,14,AWAY
1952-10-26,1952,1,0,,Detroit Lions,LOSS,17,52,HOME
1952-11-02,1952,1,0,,Philadelphia Eagles,WIN,12,10,HOME
1952-11-09,1952,1,0,,Chicago Bears,WIN,41,28,AWAY
1952-11-16,1952,1,0,,New York Giants,WIN,17,3,AWAY
1952-11-23,1952,1,0,,Dallas Texans,WIN,42,14,HOME
1952-11-27,1952,1,0,,Detroit Lions,LOSS,24,48,AWAY
1952-12-07,1952,1,0,,Los Angeles Rams,LOSS,27,45,AWAY
1952-12-14,1952,1,0,,San Francisco 49ers,LOSS,14,24,AWAY
1953-09-27,1953,1,0,,Cleveland Browns,LOSS,0,27,HOME
1953-10-04,1953,1,0,,Chicago Bears,LOSS,13,17,HOME
1953-10-11,1953,1,0,,Los Angeles Rams,LOSS,20,38,HOME
1953-10-18,1953,1,0,,Indianapolis Colts,WIN,37,14,HOME
1953-10-24,1953,1,0,,Pittsburgh Steelers,LOSS,14,31,AWAY
1953-10-31,1953,1,0,,Indianapolis Colts,WIN,35,24,AWAY
1953-11-08,1953,1,0,,Chicago Bears,TIE,21,21,AWAY
1953-11-15,1953,1,0,,Detroit Lions,LOSS,7,14,HOME
1953-11-22,1953,1,0,,San Francisco 49ers,LOSS,7,37,HOME
1953-11-26,1953,1,0,,Detroit Lions,LOSS,15,34,AWAY
1953-12-06,1953,1,0,,San Francisco 49ers,LOSS,14,48,AWAY
1953-12-12,1953,1,0,,Los Angeles Rams,LOSS,17,33,AWAY
1954-09-26,1954,1,0,,Pittsburgh Steelers,LOSS,20,21,HOME
1954-10-03,1954,1,0,,Chicago Bears,LOSS,3,10,HOME
1954-10-10,1954,1,0,,San Francisco 49ers,LOSS,17,23,HOME
1954-10-17,1954,1,0,,Los Angeles Rams,WIN,35,17,HOME
1954-10-24,1954,1,0,,Indianapolis Colts,WIN,7,6,AWAY
1954-10-30,1954,1,0,,Philadelphia Eagles,WIN,37,14,AWAY
1954-11-07,1954,1,0,,Chicago Bears,LOSS,23,28,AWAY
1954-11-13,1954,1,0,,Indianapolis Colts,WIN,24,13,HOME
1954-11-21,1954,1,0,,Detroit Lions,LOSS,17,21,HOME
1954-11-25,1954,1,0,,Detroit Lions,LOSS,24,28,AWAY
1954-12-05,1954,1,0,,San Francisco 49ers,LOSS,0,35,AWAY
1954-12-12,1954,1,0,,Los Angeles Rams,LOSS,27,35,AWAY
1955-09-25,1955,1,0,,Detroit Lions,WIN,20,17,HOME
1955-10-02,1955,1,0,,Chicago Bears,WIN,24,3,HOME
1955-10-08,1955,1,0,,Indianapolis Colts,LOSS,20,24,HOME
1955-10-16,1955,1,0,,Los Angeles Rams,WIN,30,28,HOME
1955-10-23,1955,1,0,,Cleveland Browns,LOSS,10,41,AWAY
1955-10-29,1955,1,0,,Indianapolis Colts,LOSS,10,14,AWAY
1955-11-06,1955,1,0,,Chicago Bears,LOSS,31,52,AWAY
1955-11-13,1955,1,0,,Arizona Cardinals,WIN,31,14,HOME
1955-11-20,1955,1,0,,San Francisco 49ers,WIN,27,21,HOME
1955-11-24,1955,1,0,,Detroit Lions,LOSS,10,24,AWAY
1955-12-04,1955,1,0,,San Francisco 49ers,WIN,28,7,AWAY
1955-12-11,1955,1,0,,Los Angeles Rams,LOSS,17,31,AWAY
1956-09-30,1956,1,0,,Detroit Lions,LOSS,16,20,HOME
1956-10-07,1956,1,0,,Chicago Bears,LOSS,21,37,HOME
1956-10-14,1956,1,0,,Indianapolis Colts,WIN,38,33,HOME
1956-10-21,1956,1,0,,Los Angeles Rams,WIN,42,17,HOME
1956-10-28,1956,1,0,,Indianapolis Colts,LOSS,21,28,AWAY
1956-11-04,1956,1,0,,Cleveland Browns,LOSS,7,24,HOME
1956-11-11,1956,1,0,,Chicago Bears,LOSS,14,38,AWAY
1956-11-18,1956,1,0,,San Francisco 49ers,LOSS,16,17,HOME
1956-11-22,1956,1,0,,Detroit Lions,WIN,24,20,AWAY
1956-12-02,1956,1,0,,Arizona Cardinals,WIN,24,21,AWAY
1956-12-08,1956,1,0,,San Francisco 49ers,LOSS,20,38,AWAY
1956-12-16,1956,1,0,,Los Angeles Rams,LOSS,21,49,AWAY
1957-09-29,1957,1,0,,Chicago Bears,WIN,21,17,HOME
1957-10-06,1957,1,0,,Detroit Lions,LOSS,14,24,HOME
1957-10-13,1957,1,0,,Indianapolis Colts,LOSS,17,45,HOME
1957-10-20,1957,1,0,,San Francisco 49ers,LOSS,14,24,HOME
1957-10-27,1957,1,0,,Indianapolis Colts,WIN,24,21,AWAY
1957-11-03,1957,1,0,,New York Giants,LOSS,17,31,HOME
1957-11-10,1957,1,0,,Chicago Bears,LOSS,14,21,AWAY
1957-11-17,1957,1,0,,Los Angeles Rams,LOSS,27,31,HOME
1957-11-24,1957,1,0,,Pittsburgh Steelers,WIN,27,10,AWAY
1957-11-28,1957,1,0,,Detroit Lions,LOSS,6,18,AWAY
1957-12-08,1957,1,0,,Los Angeles Rams,LOSS,17,42,AWAY
1957-12-15,1957,1,0,,San Francisco 49ers,LOSS,20,27,AWAY
1958-09-28,1958,1,0,,Chicago Bears,LOSS,20,34,HOME
1958-10-05,1958,1,0,,Detroit Lions,TIE,13,13,HOME
1958-10-12,1958,1,0,,Indianapolis Colts,LOSS,17,24,HOME
1958-10-19,1958,1,0,,Washington Commanders,LOSS,21,37,AWAY
1958-10-26,1958,1,0,,Philadelphia Eagles,WIN,38,35,HOME
1958-11-02,1958,1,0,,Indianapolis Colts,LOSS,0,56,AWAY
1958-11-09,1958,1,0,,Chicago Bears,LOSS,10,24,AWAY
1958-11-16,1958,1,0,,Los Angeles Rams,LOSS,7,20,HOME
1958-11-23,1958,1,0,,San Francisco 49ers,LOSS,12,33,HOME
1958-11-27,1958,1,0,,Detroit Lions,LOSS,14,24,AWAY
1958-12-07,1958,1,0,,San Francisco 49ers,LOSS,21,48,AWAY
1958-12-14,1958,1,0,,Los Angeles Rams,LOSS,20,34,AWAY
1959-09-27,1959,1,0,,Chicago Bears,WIN,9,6,HOME
1959-10-04,1959,1,0,,Detroit Lions,WIN,28,10,HOME
1959-10-11,1959,1,0,,San Francisco 49ers,WIN,21,20,HOME
1959-10-18,1959,1,0,,Los Angeles Rams,LOSS,6,45,HOME
1959-10-25,1959,1,0,,Indianapolis Colts,LOSS,21,38,AWAY
1959-11-01,1959,1,0,,New York Giants,LOSS,3,20,AWAY
1959-11-08,1959,1,0,,Chicago Bears,LOSS,17,28,AWAY
1959-11-15,1959,1,0,,Indianapolis Colts,LOSS,24,28,HOME
1959-11-22,1959,1,0,,Washington Commanders,WIN,21,0,HOME
1959-11-26,1959,1,0,,Detroit Lions,WIN,24,17,AWAY
1959-12-06,1959,1,0,,Los Angeles Rams,WIN,38,20,AWAY
1959-12-13,1959,1,0,,San Francisco 49ers,WIN,36,14,AWAY
1960-09-25,1960,1,0,,Chicago Bears,LOSS,14,17,HOME
1960-10-02,1960,1,0,,Detroit Lions,WIN,28,9,HOME
1960-10-09,1960,1,0,,Indianapolis Colts,WIN,35,21,HOME
1960-10-23,1960,1,0,,San Francisco 49ers,WIN,41,14,HOME
1960-10-30,1960,1,0,,Pittsburgh Steelers,WIN,19,13,AWAY
1960-11-06,1960,1,0,,Indianapolis Colts,LOSS,24,38,AWAY
1960-11-13,1960,1,0,,Dallas Cowboys,WIN,41,7,HOME
1960-11-20,1960,1,0,,Los Angeles Rams,LOSS,31,33,HOME
1960-11-24,1960,1,0,,Detroit Lions,LOSS,10,23,AWAY
1960-12-04,1960,1,0,,Chicago Bears,WIN,41,13,AWAY
1960-12-10,1960,1,0,,San Francisco 49ers,WIN,13,0,AWAY
1960-12-17,1960,1,0,,Los Angeles Rams,WIN,35,21,AWAY
1960-12-26,1960,0,1,,Philadelphia Eagles,LOSS,13,17,AWAY
1961-09-17,1961,1,0,,Detroit Lions,LOSS,13,17,HOME
1961-09-24,1961,1,0,,San Francisco 49ers,WIN,30,10,HOME
1961-10-01,1961,1,0,,Chicago Bears,WIN,24,0,HOME
1961-10-08,1961,1,0,,Indianapolis Colts,WIN,45,7,HOME
1961-10-15,1961,1,0,,Cleveland Browns,WIN,49,17,AWAY
1961-10-22,1961,1,0,,Minnesota Vikings,WIN,33,7,AWAY
1961-10-29,1961,1,0,,Minnesota Vikings,WIN,28,10,HOME
1961-11-05,1961,1,0,,Indianapolis Colts,LOSS,21,45,AWAY
1961-11-12,1961,1,0,,Chicago Bears,WIN,31,28,AWAY
1961-11-19,1961,1,0,,Los Angeles Rams,WIN,35,17,HOME
1961-11-23,1961,1,0,,Detroit Lions,WIN,17,9,AWAY
1961-12-03,1961,1,0,,New York Giants,WIN,20,17,HOME
1961-12-10,1961,1,0,,San Francisco 49ers,LOSS,21,22,AWAY
1961-12-17,1961,1,0,,Los Angeles Rams,WIN,24,17,AWAY
1961-12-31,1961,0,1,,New York Giants,WIN,37,0,HOME
1962-09-16,1962,1,0,,Minnesota Vikings,WIN,34,7,HOME
1962-09-23,1962,1,0,,Arizona Cardinals,WIN,17,0,HOME
1962-09-30,1962,1,0,,Chicago Bears,WIN,49,0,HOME
1962-10-07,1962,1,0,,Detroit Lions,WIN,9,7,HOME
1962-10-14,1962,1,0,,Minnesota Vikings,WIN,48,21,AWAY
1962-10-21,1962,1,0,,San Francisco 49ers,WIN,31,13,HOME
1962-10-28,1962,1,0,,Indianapolis Colts,WIN,17,6,AWAY
1962-11-04,1962,1,0,,Chicago Bears,WIN,38,7,AWAY
1962-11-11,1962,1,0,,Philadelphia Eagles,WIN,49,0,AWAY
1962-11-18,1962,1,0,,Indianapolis Colts,WIN,17,13,HOME
1962-11-22,1962,1,0,,Detroit Lions,LOSS,14,26,AWAY
1962-12-02,1962,1,0,,Los Angeles Rams,WIN,41,10,HOME
1962-12-09,1962,1,0,,San Francisco 49ers,WIN,31,21,AWAY
1962-12-16,1962,1,0,,Los Angeles Rams,WIN,20,17,AWAY
1962-12-30,1962,0,1,,New York Giants,WIN,16,7,AWAY
1963-09-15,1963,1,0,,Chicago Bears,LOSS,3,10,HOME
1963-09-22,1963,1,0,,Detroit Lions,WIN,31,10,HOME
1963-09-29,1963,1,0,,Indianapolis Colts,WIN,31,20,HOME
1963-10-06,1963,1,0,,Los Angeles Rams,WIN,42,10,HOME
1963-10-13,1963,1,0,,Minnesota Vikings,WIN,37,28,AWAY
1963-10-20,1963,1,0,,Arizona Cardinals,WIN,30,7,AWAY
1963-10-27,1963,1,0,,Indianapolis Colts,WIN,34,20,AWAY
1963-11-03,1963,1,0,,Pittsburgh Steelers,WIN,33,14,HOME
1963-11-10,1963,1,0,,Minnesota Vikings,WIN,28,7,HOME
1963-11-17,1963,1,0,,Chicago Bears,LOSS,7,26,AWAY
1963-11-24,1963,1,0,,San Francisco 49ers,WIN,28,10,HOME
1963-11-28,1963,1,0,,Detroit Lions,TIE,13,13,AWAY
1963-12-07,1963,1,0,,Los Angeles Rams,WIN,31,14,AWAY
1963-12-14,1963,1,0,,San Francisco 49ers,WIN,21,17,AWAY
1964-09-13,1964,1,0,,Chicago Bears,WIN,23,12,HOME
1964-09-20,1964,1,0,,Indianapolis Colts,LOSS,20,21,HOME
1964-09-28,1964,1,0,,Detroit Lions,WIN,14,10,AWAY
1964-10-04,1964,1,0,,Minnesota Vikings,LOSS,23,24,HOME
1964-10-11,1964,1,0,,San Francisco 49ers,WIN,24,14,HOME
1964-10-18,1964,1,0,,Indianapolis Colts,LOSS,21,24,AWAY
1964-10-25,1964,1,0,,Los Angeles Rams,LOSS,17,27,HOME
1964-11-01,1964,1,0,,Minnesota Vikings,WIN,42,13,AWAY
1964-11-08,1964,1,0,,Detroit Lions,WIN,30,7,HOME
1964-11-15,1964,1,0,,San Francisco 49ers,LOSS,14,24,AWAY
1964-11-22,1964,1,0,,Cleveland Browns,WIN,28,21,HOME
1964-11-29,1964,1,0,,Dallas Cowboys,WIN,45,21,AWAY
1964-12-05,1964,1,0,,Chicago Bears,WIN,17,3,AWAY
1964-12-13,1964,1,0,,Los Angeles Rams,TIE,24,24,AWAY
1965-09-19,1965,1,0,,Pittsburgh Steelers,WIN,41,9,AWAY
1965-09-26,1965,1,0,,Indianapolis Colts,WIN,20,17,HOME
1965-10-03,1965,1,0,,Chicago Bears,WIN,23,14,HOME
1965-10-10,1965,1,0,,San Francisco 49ers,WIN,27,10,HOME
1965-10-17,1965,1,0,,Detroit Lions,WIN,31,21,AWAY
1965-10-24,1965,1,0,,Dallas Cowboys,WIN,13,3,HOME
1965-10-31,1965,1,0,,Chicago Bears,LOSS,10,31,AWAY
1965-11-07,1965,1,0,,Detroit Lions,LOSS,7,12,HOME
1965-11-14,1965,1,0,,Los Angeles Rams,WIN,6,3,HOME
1965-11-21,1965,1,0,,Minnesota Vikings,WIN,38,13,AWAY
1965-11-28,1965,1,0,,Los Angeles Rams,LOSS,10,21,AWAY
1965-12-05,1965,1,0,,Minnesota Vikings,WIN,24,19,HOME
1965-12-12,1965,1,0,,Indianapolis Colts,WIN,42,27,AWAY
1965-12-19,1965,1,0,,San Francisco 49ers,TIE,24,24,AWAY
1965-12-26,1965,0,1,,Indianapolis Colts,WIN,13,10,HOME
1966-01-02,1965,0,1,,Cleveland Browns,WIN,23,12,HOME
1966-09-10,1966,1,0,,Indianapolis Colts,WIN,24,3,HOME
1966-09-18,1966,1,0,,Cleveland Browns,WIN,21,20,AWAY
1966-09-25,1966,1,0,,Los Angeles Rams,WIN,24,13,HOME
1966-10-02,1966,1,0,,Detroit Lions,WIN,23,14,HOME
1966-10-09,1966,1,0,,San Francisco 49ers,LOSS,20,21,AWAY
1966-10-16,1966,1,0,,Chicago Bears,WIN,17,0,AWAY
1966-10-23,1966,1,0,,Atlanta Falcons,WIN,56,3,HOME
1966-10-30,1966,1,0,,Detroit Lions,WIN,31,7,AWAY
1966-11-06,1966,1,0,,Minnesota Vikings,LOSS,17,20,HOME
1966-11-20,1966,1,0,,Chicago Bears,WIN,13,6,HOME
1966-11-27,1966,1,0,,Minnesota Vikings,WIN,28,16,AWAY
1966-12-04,1966,1,0,,San Francisco 49ers,WIN,20,7,HOME
1966-12-10,1966,1,0,,Indianapolis Colts,WIN,14,10,AWAY
1966-12-18,1966,1,0,,Los Angeles Rams,WIN,27,23,AWAY
1967-01-01,1966,0,1,,Dallas Cowboys,WIN,34,27,AWAY
1967-01-15,1966,0,1,i,Kansas City Chiefs,WIN,35,10,NEUTRAL
1967-09-17,1967,1,0,,Detroit Lions,TIE,17,17,HOME
1967-09-24,1967,1,0,,Chicago Bears,WIN,13,10,HOME
1967-10-01,1967,1,0,,Atlanta Falcons,WIN,23,0,HOME
1967-10-08,1967,1,0,,Detroit Lions,WIN,27,17,AWAY
1967-10-15,1967,1,0,,Minnesota Vikings,LOSS,7,10,HOME
1967-10-22,1967,1,0,,New York Giants,WIN,48,21,AWAY
1967-10-30,1967,1,0,,Arizona Cardinals,WIN,31,23,AWAY
1967-11-05,1967,1,0,,Indianapolis Colts,LOSS,10,13,AWAY
1967-11-12,1967,1,0,,Cleveland Browns,WIN,55,7,HOME
1967-11-19,1967,1,0,,San Francisco 49ers,WIN,13,0,HOME
1967-11-26,1967,1,0,,Chicago Bears,WIN,17,13,AWAY
1967-12-03,1967,1,0,,Minnesota Vikings,WIN,30,27,AWAY
1967-12-09,1967,1,0,,Los Angeles Rams,LOSS,24,27,AWAY
1967-12-17,1967,1,0,,Pittsburgh Steelers,LOSS,17,24,HOME
1967-12-23,1967,0,1,,Los Angeles Rams,WIN,28,7,HOME
1967-12-31,1967,0,1,,Dallas Cowboys,WIN,21,17,HOME
1968-01-14,1967,0,1,ii,Oakland Raiders,WIN,33,14,NEUTRAL
1968-09-15,1968,1,0,,Philadelphia Eagles,WIN,30,13,HOME
1968-09-22,1968,1,0,,Minnesota Vikings,LOSS,13,26,HOME
1968-09-29,1968,1,0,,Detroit Lions,LOSS,17,23,HOME
1968-10-06,1968,1,0,,Atlanta Falcons,WIN,38,7,AWAY
1968-10-13,1968,1,0,,Los Angeles Rams,LOSS,14,16,HOME
1968-10-20,1968,1,0,,Detroit Lions,TIE,14,14,AWAY
1968-10-28,1968,1,0,,Dallas Cowboys,WIN,28,17,AWAY
1968-11-03,1968,1,0,,Chicago Bears,LOSS,10,13,HOME
1968-11-10,1968,1,0,,Minnesota Vikings,LOSS,10,14,AWAY
1968-11-17,1968,1,0,,New Orleans Saints,WIN,29,7,HOME
1968-11-24,1968,1,0,,Washington Commanders,WIN,27,7,AWAY
1968-12-01,1968,1,0,,San Francisco 49ers,LOSS,20,27,AWAY
1968-12-07,1968,1,0,,Indianapolis Colts,LOSS,3,16,HOME
1968-12-15,1968,1,0,,Chicago Bears,WIN,28,27,AWAY
1969-09-21,1969,1,0,,Chicago Bears,WIN,17,0,HOME
1969-09-28,1969,1,0,,San Francisco 49ers,WIN,14,7,HOME
1969-10-05,1969,1,0,,Minnesota Vikings,LOSS,7,19,AWAY
1969-10-12,1969,1,0,,Detroit Lions,WIN,28,17,AWAY
1969-10-19,1969,1,0,,Los Angeles Rams,LOSS,21,34,AWAY
1969-10-26,1969,1,0,,Atlanta Falcons,WIN,28,10,HOME
1969-11-02,1969,1,0,,Pittsburgh Steelers,WIN,38,34,AWAY
1969-11-09,1969,1,0,,Indianapolis Colts,LOSS,6,14,AWAY
1969-11-16,1969,1,0,,Minnesota Vikings,LOSS,7,9,HOME
1969-11-23,1969,1,0,,Detroit Lions,LOSS,10,16,HOME
1969-11-30,1969,1,0,,New York Giants,WIN,20,10,HOME
1969-12-07,1969,1,0,,Cleveland Browns,LOSS,7,20,AWAY
1969-12-14,1969,1,0,,Chicago Bears,WIN,21,3,AWAY
1969-12-21,1969,1,0,,Arizona Cardinals,WIN,45,28,HOME
1970-09-20,1970,1,0,,Detroit Lions,LOSS,0,40,HOME
1970-09-27,1970,1,0,,Atlanta Falcons,WIN,27,24,HOME
1970-10-04,1970,1,0,,Minnesota Vikings,WIN,13,10,HOME
1970-10-12,1970,1,0,,Los Angeles Chargers,WIN,22,20,AWAY
1970-10-18,1970,1,0,,Los Angeles Rams,LOSS,21,31,HOME
1970-10-25,1970,1,0,,Philadelphia Eagles,WIN,30,17,HOME
1970-11-01,1970,1,0,,San Francisco 49ers,LOSS,10,26,AWAY
1970-11-09,1970,1,0,,Indianapolis Colts,LOSS,10,13,HOME
1970-11-15,1970,1,0,,Chicago Bears,WIN,20,19,HOME
1970-11-22,1970,1,0,,Minnesota Vikings,LOSS,3,10,AWAY
1970-11-26,1970,1,0,,Dallas Cowboys,LOSS,3,16,AWAY
1970-12-06,1970,1,0,,Pittsburgh Steelers,WIN,20,12,AWAY
1970-12-13,1970,1,0,,Chicago Bears,LOSS,17,35,AWAY
1970-12-20,1970,1,0,,Detroit Lions,LOSS,0,20,AWAY
1971-09-19,1971,1,0,,New York Giants,LOSS,40,42,HOME
1971-09-26,1971,1,0,,Denver Broncos,WIN,34,13,HOME
1971-10-03,1971,1,0,,Cincinnati Bengals,WIN,20,17,HOME
1971-10-10,1971,1,0,,Detroit Lions,LOSS,28,31,AWAY
1971-10-17,1971,1,0,,Minnesota Vikings,LOSS,13,24,HOME
1971-10-24,1971,1,0,,Los Angeles Rams,LOSS,13,30,AWAY
1971-11-01,1971,1,0,,Detroit Lions,TIE,14,14,HOME
1971-11-07,1971,1,0,,Chicago Bears,WIN,17,14,AWAY
1971-11-14,1971,1,0,,Minnesota Vikings,LOSS,0,3,AWAY
1971-11-22,1971,1,0,,Atlanta Falcons,LOSS,21,28,AWAY
1971-11-28,1971,1,0,,New Orleans Saints,LOSS,21,29,HOME
1971-12-05,1971,1,0,,Arizona Cardinals,TIE,16,16,AWAY
1971-12-12,1971,1,0,,Chicago Bears,WIN,31,10,HOME
1971-12-19,1971,1,0,,Miami Dolphins,LOSS,6,27,AWAY
1972-09-17,1972,1,0,,Cleveland Browns,WIN,26,10,AWAY
1972-09-24,1972,1,0,,Oakland Raiders,LOSS,14,20,HOME
1972-10-01,1972,1,0,,Dallas Cowboys,WIN,16,13,HOME
1972-10-08,1972,1,0,,Chicago Bears,WIN,20,17,HOME
1972-10-16,1972,1,0,,Detroit Lions,WIN,24,23,AWAY
1972-10-22,1972,1,0,,Atlanta Falcons,LOSS,9,10,HOME
1972-10-29,1972,1,0,,Minnesota Vikings,LOSS,13,27,HOME
1972-11-05,1972,1,0,,San Francisco 49ers,WIN,34,24,HOME
1972-11-12,1972,1,0,,Chicago Bears,WIN,23,17,AWAY
1972-11-19,1972,1,0,,Tennessee Titans,WIN,23,10,AWAY
1972-11-26,1972,1,0,,Washington Commanders,LOSS,16,21,AWAY
1972-12-03,1972,1,0,,Detroit Lions,WIN,33,7,HOME
1972-12-10,1972,1,0,,Minnesota Vikings,WIN,23,7,AWAY
1972-12-17,1972,1,0,,New Orleans Saints,WIN,30,20,AWAY
1972-12-24,1972,0,1,,Washington Commanders,LOSS,3,16,AWAY
1973-09-17,1973,1,0,,New York Jets,WIN,23,7,HOME
1973-09-23,1973,1,0,,Detroit Lions,TIE,13,13,HOME
1973-09-30,1973,1,0,,Minnesota Vikings,LOSS,3,11,AWAY
1973-10-07,1973,1,0,,New York Giants,WIN,16,14,AWAY
1973-10-14,1973,1,0,,Kansas City Chiefs,TIE,10,10,HOME
1973-10-21,1973,1,0,,Los Angeles Rams,LOSS,7,24,AWAY
1973-10-28,1973,1,0,,Detroit Lions,LOSS,0,34,AWAY
1973-11-04,1973,1,0,,Chicago Bears,LOSS,17,31,HOME
1973-11-11,1973,1,0,,Arizona Cardinals,WIN,25,21,HOME
1973-11-18,1973,1,0,,New England Patriots,LOSS,24,33,AWAY
1973-11-26,1973,1,0,,San Francisco 49ers,LOSS,6,20,AWAY
1973-12-02,1973,1,0,,New Orleans Saints,WIN,30,10,HOME
1973-12-08,1973,1,0,,Minnesota Vikings,LOSS,7,31,HOME
1973-12-16,1973,1,0,,Chicago Bears,WIN,21,0,AWAY
1974-09-15,1974,1,0,,Minnesota Vikings,LOSS,17,32,HOME
1974-09-22,1974,1,0,,Indianapolis Colts,WIN,20,13,AWAY
1974-09-29,1974,1,0,,Detroit Lions,WIN,21,19,HOME
1974-10-06,1974,1,0,,Buffalo Bills,LOSS,7,27,HOME
1974-10-13,1974,1,0,,Los Angeles Rams,WIN,17,6,HOME
1974-10-21,1974,1,0,,Chicago Bears,LOSS,9,10,AWAY
1974-10-27,1974,1,0,,Detroit Lions,LOSS,17,19,AWAY
1974-11-03,1974,1,0,,Washington Commanders,LOSS,6,17,HOME
1974-11-10,1974,1,0,,Chicago Bears,WIN,20,3,HOME
1974-11-17,1974,1,0,,Minnesota Vikings,WIN,19,7,AWAY
1974-11-24,1974,1,0,,Los Angeles Chargers,WIN,34,0,HOME
1974-12-01,1974,1,0,,Philadelphia Eagles,LOSS,14,36,AWAY
1974-12-08,1974,1,0,,San Francisco 49ers,LOSS,6,7,AWAY
1974-12-15,1974,1,0,,Atlanta Falcons,LOSS,3,10,AWAY
1975-09-21,1975,1,0,,Detroit Lions,LOSS,16,30,HOME
1975-09-29,1975,1,0,,Denver Broncos,LOSS,13,23,AWAY
1975-10-05,1975,1,0,,Miami Dolphins,LOSS,7,31,HOME
1975-10-12,1975,1,0,,New Orleans Saints,LOSS,19,20,AWAY
1975-10-19,1975,1,0,,Dallas Cowboys,WIN,19,17,AWAY
1975-10-26,1975,1,0,,Pittsburgh Steelers,LOSS,13,16,HOME
1975-11-02,1975,1,0,,Minnesota Vikings,LOSS,17,28,HOME
1975-11-09,1975,1,0,,Chicago Bears,LOSS,14,27,AWAY
1975-11-16,1975,1,0,,Detroit Lions,LOSS,10,13,AWAY
1975-11-23,1975,1,0,,New York Giants,WIN,40,14,HOME
1975-11-30,1975,1,0,,Chicago Bears,WIN,28,7,HOME
1975-12-07,1975,1,0,,Minnesota Vikings,LOSS,3,24,AWAY
1975-12-14,1975,1,0,,Los Angeles Rams,LOSS,5,22,AWAY
1975-12-21,1975,1,0,,Atlanta Falcons,WIN,22,13,HOME
1976-09-12,1976,1,0,,San Francisco 49ers,LOSS,14,26,HOME
1976-09-19,1976,1,0,,Arizona Cardinals,LOSS,0,29,AWAY
1976-09-26,1976,1,0,,Cincinnati Bengals,LOSS,7,28,AWAY
1976-10-03,1976,1,0,,Detroit Lions,WIN,24,14,HOME
1976-10-10,1976,1,0,,Seattle Seahawks,WIN,27,20,HOME
1976-10-17,1976,1,0,,Philadelphia Eagles,WIN,28,13,HOME
1976-10-24,1976,1,0,,Oakland Raiders,LOSS,14,18,AWAY
1976-10-31,1976,1,0,,Detroit Lions,LOSS,6,27,AWAY
1976-11-07,1976,1,0,,New Orleans Saints,WIN,32,27,HOME
1976-11-14,1976,1,0,,Chicago Bears,LOSS,13,24,AWAY
1976-11-21,1976,1,0,,Minnesota Vikings,LOSS,10,17,HOME
1976-11-28,1976,1,0,,Chicago Bears,LOSS,10,16,HOME
1976-12-05,1976,1,0,,Minnesota Vikings,LOSS,9,20,AWAY
1976-12-12,1976,1,0,,Atlanta Falcons,WIN,24,20,AWAY
1977-09-18,1977,1,0,,New Orleans Saints,WIN,24,20,AWAY
1977-09-25,1977,1,0,,Tennessee Titans,LOSS,10,16,HOME
1977-10-02,1977,1,0,,Minnesota Vikings,LOSS,7,19,AWAY
1977-10-09,1977,1,0,,Cincinnati Bengals,LOSS,7,17,HOME
1977-10-16,1977,1,0,,Detroit Lions,LOSS,6,10,AWAY
1977-10-23,1977,1,0,,Tampa Bay Buccaneers,WIN,13,0,AWAY
1977-10-30,1977,1,0,,Chicago Bears,LOSS,0,26,HOME
1977-11-06,1977,1,0,,Kansas City Chiefs,LOSS,10,20,AWAY
1977-11-13,1977,1,0,,Los Angeles Rams,LOSS,6,24,HOME
1977-11-21,1977,1,0,,Washington Commanders,LOSS,9,10,AWAY
1977-11-27,1977,1,0,,Minnesota Vikings,LOSS,6,13,HOME
1977-12-04,1977,1,0,,Detroit Lions,WIN,10,9,HOME
1977-12-11,1977,1,0,,Chicago Bears,LOSS,10,21,AWAY
1977-12-18,1977,1,0,,San Francisco 49ers,WIN,16,14,HOME
1978-09-03,1978,1,0,,Detroit Lions,WIN,13,7,AWAY
1978-09-10,1978,1,0,,New Orleans Saints,WIN,28,17,HOME
1978-09-17,1978,1,0,,Oakland Raiders,LOSS,3,28,HOME
1978-09-24,1978,1,0,,Los Angeles Chargers,WIN,24,3,AWAY
1978-10-01,1978,1,0,,Detroit Lions,WIN,35,14,HOME
1978-10-08,1978,1,0,,Chicago Bears,WIN,24,14,HOME
1978-10-15,1978,1,0,,Seattle Seahawks,WIN,45,28,HOME
1978-10-22,1978,1,0,,Minnesota Vikings,LOSS,7,21,AWAY
1978-10-29,1978,1,0,,Tampa Bay Buccaneers,WIN,9,7,HOME
1978-11-05,1978,1,0,,Philadelphia Eagles,LOSS,3,10,AWAY
1978-11-12,1978,1,0,,Dallas Cowboys,LOSS,14,42,HOME
1978-11-19,1978,1,0,,Denver Broncos,LOSS,3,16,AWAY
1978-11-26,1978,1,0,,Minnesota Vikings,TIE,10,10,HOME
1978-12-03,1978,1,0,,Tampa Bay Buccaneers,WIN,17,7,AWAY
1978-12-10,1978,1,0,,Chicago Bears,LOSS,0,14,AWAY
1978-12-17,1978,1,0,,Los Angeles Rams,LOSS,14,31,AWAY
1979-09-02,1979,1,0,,Chicago Bears,LOSS,3,6,AWAY
1979-09-09,1979,1,0,,New Orleans Saints,WIN,28,19,HOME
1979-09-16,1979,1,0,,Tampa Bay Buccaneers,LOSS,10,21,HOME
1979-09-23,1979,1,0,,Minnesota Vikings,LOSS,21,27,AWAY
1979-10-01,1979,1,0,,New England Patriots,WIN,27,14,HOME
1979-10-07,1979,1,0,,Atlanta Falcons,LOSS,7,25,AWAY
1979-10-14,1979,1,0,,Detroit Lions,WIN,24,16,HOME
1979-10-21,1979,1,0,,Tampa Bay Buccaneers,LOSS,3,21,AWAY
1979-10-28,1979,1,0,,Miami Dolphins,LOSS,7,27,AWAY
1979-11-04,1979,1,0,,New York Jets,LOSS,22,27,HOME
1979-11-11,1979,1,0,,Minnesota Vikings,WIN,19,7,HOME
1979-11-18,1979,1,0,,Buffalo Bills,LOSS,12,19,AWAY
1979-11-25,1979,1,0,,Philadelphia Eagles,LOSS,10,21,HOME
1979-12-02,1979,1,0,,Washington Commanders,LOSS,21,38,AWAY
1979-12-09,1979,1,0,,Chicago Bears,LOSS,14,15,HOME
1979-12-15,1979,1,0,,Detroit Lions,WIN,18,13,AWAY
1980-09-07,1980,1,0,,Chicago Bears,WIN,12,6,HOME
1980-09-14,1980,1,0,,Detroit Lions,LOSS,7,29,HOME
1980-09-21,1980,1,0,,Los Angeles Rams,LOSS,21,51,AWAY
1980-09-28,1980,1,0,,Dallas Cowboys,LOSS,7,28,HOME
1980-10-05,1980,1,0,,Cincinnati Bengals,WIN,14,9,HOME
1980-10-12,1980,1,0,,Tampa Bay Buccaneers,TIE,14,14,AWAY
1980-10-19,1980,1,0,,Cleveland Browns,LOSS,21,26,AWAY
1980-10-26,1980,1,0,,Minnesota Vikings,WIN,16,3,HOME
1980-11-02,1980,1,0,,Pittsburgh Steelers,LOSS,20,22,AWAY
1980-11-09,1980,1,0,,San Francisco 49ers,WIN,23,16,HOME
1980-11-16,1980,1,0,,New York Giants,LOSS,21,27,AWAY
1980-11-23,1980,1,0,,Minnesota Vikings,WIN,25,13,AWAY
1980-11-30,1980,1,0,,Tampa Bay Buccaneers,LOSS,17,20,HOME
1980-12-07,1980,1,0,,Chicago Bears,LOSS,7,61,AWAY
1980-12-14,1980,1,0,,Tennessee Titans,LOSS,3,22,HOME
1980-12-21,1980,1,0,,Detroit Lions,LOSS,3,24,AWAY
1981-09-06,1981,1,0,,Chicago Bears,WIN,16,9,AWAY
1981-09-13,1981,1,0,,Atlanta Falcons,LOSS,17,31,HOME
1981-09-20,1981,1,0,,Los Angeles Rams,LOSS,23,35,AWAY
1981-09-27,1981,1,0,,Minnesota Vikings,LOSS,13,30,HOME
1981-10-04,1981,1,0,,New York Giants,WIN,27,14,AWAY
1981-10-11,1981,1,0,,Tampa Bay Buccaneers,LOSS,10,21,HOME
1981-10-18,1981,1,0,,San Francisco 49ers,LOSS,3,13,HOME
1981-10-25,1981,1,0,,Detroit Lions,LOSS,27,31,AWAY
1981-11-01,1981,1,0,,Seattle Seahawks,WIN,34,24,HOME
1981-11-08,1981,1,0,,New York Giants,WIN,26,24,HOME
1981-11-15,1981,1,0,,Chicago Bears,WIN,21,17,HOME
1981-11-22,1981,1,0,,Tampa Bay Buccaneers,LOSS,3,37,AWAY
1981-11-29,1981,1,0,,Minnesota Vikings,WIN,35,23,AWAY
1981-12-06,1981,1,0,,Detroit Lions,WIN,31,17,HOME
1981-12-13,1981,1,0,,New Orleans Saints,WIN,35,7,AWAY
1981-12-20,1981,1,0,,New York Jets,LOSS,3,28,AWAY
1982-09-12,1982,1,0,,Los Angeles Rams,WIN,35,23,HOME
1982-09-20,1982,1,0,,New York Giants,WIN,27,19,AWAY
1982-11-21,1982,1,0,,Minnesota Vikings,WIN,26,7,HOME
1982-11-28,1982,1,0,,New York Jets,LOSS,13,15,AWAY
1982-12-05,1982,1,0,,Buffalo Bills,WIN,33,21,HOME
1982-12-12,1982,1,0,,Detroit Lions,LOSS,10,30,HOME
1982-12-19,1982,1,0,,Indianapolis Colts,TIE,20,20,AWAY
1982-12-26,1982,1,0,,Atlanta Falcons,WIN,38,7,AWAY
1983-01-02,1982,1,0,,Detroit Lions,LOSS,24,27,AWAY
1983-01-08,1982,0,1,,Arizona Cardinals,WIN,41,16,HOME
1983-01-16,1982,0,1,,Dallas Cowboys,LOSS,26,37,AWAY
1983-09-04,1983,1,0,,Tennessee Titans,WIN,41,38,AWAY
1983-09-11,1983,1,0,,Pittsburgh Steelers,LOSS,21,25,HOME
1983-09-18,1983,1,0,,Los Angeles Rams,WIN,27,24,HOME
1983-09-26,1983,1,0,,New York Giants,LOSS,3,27,AWAY
1983-10-02,1983,1,0,,Tampa Bay Buccaneers,WIN,55,14,HOME
1983-10-09,1983,1,0,,Detroit Lions,LOSS,14,38,AWAY
1983-10-17,1983,1,0,,Washington Commanders,WIN,48,47,HOME
1983-10-23,1983,1,0,,Minnesota Vikings,LOSS,17,20,HOME
1983-10-30,1983,1,0,,Cincinnati Bengals,LOSS,14,34,AWAY
1983-11-06,1983,1,0,,Cleveland Browns,WIN,35,21,HOME
1983-11-13,1983,1,0,,Minnesota Vikings,WIN,29,21,AWAY
1983-11-20,1983,1,0,,Detroit Lions,LOSS,20,23,HOME
1983-11-27,1983,1,0,,Atlanta Falcons,LOSS,41,47,AWAY
1983-12-04,1983,1,0,,Chicago Bears,WIN,31,28,HOME
1983-12-12,1983,1,0,,Tampa Bay Buccaneers,WIN,12,9,AWAY
1983-12-18,1983,1,0,,Chicago Bears,LOSS,21,23,AWAY
1984-09-02,1984,1,0,,Arizona Cardinals,WIN,24,23,HOME
1984-09-09,1984,1,0,,Oakland Raiders,LOSS,7,28,AWAY
1984-09-16,1984,1,0,,Chicago Bears,LOSS,7,9,HOME
1984-09-23,1984,1,0,,Dallas Cowboys,LOSS,6,20,AWAY
1984-09-30,1984,1,0,,Tampa Bay Buccaneers,LOSS,27,30,AWAY
1984-10-07,1984,1,0,,Los Angeles Chargers,LOSS,28,34,HOME
1984-10-15,1984,1,0,,Denver Broncos,LOSS,14,17,AWAY
1984-10-21,1984,1,0,,Seattle Seahawks,LOSS,24,30,HOME
1984-10-28,1984,1,0,,Detroit Lions,WIN,41,9,HOME
1984-11-04,1984,1,0,,New Orleans Saints,WIN,23,13,AWAY
1984-11-11,1984,1,0,,Minnesota Vikings,WIN,45,17,HOME
1984-11-18,1984,1,0,,Los Angeles Rams,WIN,31,6,HOME
1984-11-22,1984,1,0,,Detroit Lions,LOSS,28,31,AWAY
1984-12-02,1984,1,0,,Tampa Bay Buccaneers,WIN,27,14,HOME
1984-12-09,1984,1,0,,Chicago Bears,WIN,20,14,AWAY
1984-12-16,1984,1,0,,Minnesota Vikings,WIN,38,14,AWAY
1985-09-08,1985,1,0,,New England Patriots,LOSS,20,26,AWAY
1985-09-15,1985,1,0,,New York Giants,WIN,23,20,HOME
1985-09-22,1985,1,0,,New York Jets,LOSS,3,24,HOME
1985-09-29,1985,1,0,,Arizona Cardinals,LOSS,28,43,AWAY
1985-10-06,1985,1,0,,Detroit Lions,WIN,43,10,HOME
1985-10-13,1985,1,0,,Minnesota Vikings,WIN,20,17,HOME
1985-10-21,1985,1,0,,Chicago Bears,LOSS,7,23,AWAY
1985-10-27,1985,1,0,,Indianapolis Colts,LOSS,10,37,AWAY
1985-11-03,1985,1,0,,Chicago Bears,LOSS,10,16,HOME
1985-11-10,1985,1,0,,Minnesota Vikings,WIN,27,17,AWAY
1985-11-17,1985,1,0,,New Orleans Saints,WIN,38,14,HOME
1985-11-24,1985,1,0,,Los Angeles Rams,LOSS,17,34,AWAY
1985-12-01,1985,1,0,,Tampa Bay Buccaneers,WIN,21,0,HOME
1985-12-08,1985,1,0,,Miami Dolphins,LOSS,24,34,HOME
1985-12-15,1985,1,0,,Detroit Lions,WIN,26,23,AWAY
1985-12-22,1985,1,0,,Tampa Bay Buccaneers,WIN,20,17,AWAY
1986-09-07,1986,1,0,,Tennessee Titans,LOSS,3,31,HOME
1986-09-14,1986,1,0,,New Orleans Saints,LOSS,10,24,AWAY
1986-09-22,1986,1,0,,Chicago Bears,LOSS,12,25,HOME
1986-09-28,1986,1,0,,Minnesota Vikings,LOSS,7,42,AWAY
1986-10-05,1986,1,0,,Cincinnati Bengals,LOSS,28,34,HOME
1986-10-12,1986,1,0,,Detroit Lions,LOSS,14,21,HOME
1986-10-19,1986,1,0,,Cleveland Browns,WIN,17,14,AWAY
1986-10-26,1986,1,0,,San Francisco 49ers,LOSS,17,31,HOME
1986-11-02,1986,1,0,,Pittsburgh Steelers,LOSS,3,27,AWAY
1986-11-09,1986,1,0,,Washington Commanders,LOSS,7,16,HOME
1986-11-16,1986,1,0,,Tampa Bay Buccaneers,WIN,31,7,HOME
1986-11-23,1986,1,0,,Chicago Bears,LOSS,10,12,AWAY
1986-11-27,1986,1,0,,Detroit Lions,WIN,44,40,AWAY
1986-12-07,1986,1,0,,Minnesota Vikings,LOSS,6,32,HOME
1986-12-14,1986,1,0,,Tampa Bay Buccaneers,WIN,21,7,AWAY
1986-12-20,1986,1,0,,New York Giants,LOSS,24,55,AWAY
1987-09-13,1987,1,0,,Oakland Raiders,LOSS,0,20,HOME
1987-09-20,1987,1,0,,Denver Broncos,TIE,17,17,HOME
1987-10-04,1987,1,0,,Minnesota Vikings,WIN,23,16,AWAY
1987-10-11,1987,1,0,,Detroit Lions,LOSS,16,19,HOME
1987-10-18,1987,1,0,,Philadelphia Eagles,WIN,16,10,HOME
1987-10-25,1987,1,0,,Detroit Lions,WIN,34,33,AWAY
1987-11-01,1987,1,0,,Tampa Bay Buccaneers,LOSS,17,23,HOME
1987-11-08,1987,1,0,,Chicago Bears,LOSS,24,26,HOME
1987-11-15,1987,1,0,,Seattle Seahawks,LOSS,13,24,AWAY
1987-11-22,1987,1,0,,Kansas City Chiefs,WIN,23,3,AWAY
1987-11-29,1987,1,0,,Chicago Bears,LOSS,10,23,AWAY
1987-12-06,1987,1,0,,San Francisco 49ers,LOSS,12,23,HOME
1987-12-13,1987,1,0,,Minnesota Vikings,WIN,16,10,HOME
1987-12-19,1987,1,0,,New York Giants,LOSS,10,20,AWAY
1987-12-27,1987,1,0,,New Orleans Saints,LOSS,24,33,AWAY
1988-09-04,1988,1,0,,Los Angeles Rams,LOSS,7,34,HOME
1988-09-11,1988,1,0,,Tampa Bay Buccaneers,LOSS,10,13,HOME
1988-09-18,1988,1,0,,Miami Dolphins,LOSS,17,24,AWAY
1988-09-25,1988,1,0,,Chicago Bears,LOSS,6,24,HOME
1988-10-02,1988,1,0,,Tampa Bay Buccaneers,LOSS,24,27,AWAY
1988-10-09,1988,1,0,,New England Patriots,WIN,45,3,HOME
1988-10-16,1988,1,0,,Minnesota Vikings,WIN,34,14,AWAY
1988-10-23,1988,1,0,,Washington Commanders,LOSS,17,20,HOME
1988-10-30,1988,1,0,,Buffalo Bills,LOSS,0,28,AWAY
1988-11-06,1988,1,0,,Atlanta Falcons,LOSS,0,20,AWAY
1988-11-13,1988,1,0,,Indianapolis Colts,LOSS,13,20,HOME
1988-11-20,1988,1,0,,Detroit Lions,LOSS,9,19,HOME
1988-11-27,1988,1,0,,Chicago Bears,LOSS,0,16,AWAY
1988-12-04,1988,1,0,,Detroit Lions,LOSS,14,30,AWAY
1988-12-11,1988,1,0,,Minnesota Vikings,WIN,18,6,HOME
1988-12-18,1988,1,0,,Arizona Cardinals,WIN,26,17,AWAY
1989-09-10,1989,1,0,,Tampa Bay Buccaneers,LOSS,21,23,HOME
1989-09-17,1989,1,0,,New Orleans Saints,WIN,35,34,HOME
1989-09-24,1989,1,0,,Los Angeles Rams,LOSS,38,41,AWAY
1989-10-01,1989,1,0,,Atlanta Falcons,WIN,23,21,HOME
1989-10-08,1989,1,0,,Dallas Cowboys,WIN,31,13,HOME
1989-10-15,1989,1,0,,Minnesota Vikings,LOSS,14,26,AWAY
1989-10-22,1989,1,0,,Miami Dolphins,LOSS,20,23,AWAY
1989-10-29,1989,1,0,,Detroit Lions,WIN,23,20,HOME
1989-11-05,1989,1,0,,Chicago Bears,WIN,14,13,HOME
1989-11-12,1989,1,0,,Detroit Lions,LOSS,22,31,AWAY
1989-11-19,1989,1,0,,San Francisco 49ers,WIN,21,17,AWAY
1989-11-26,1989,1,0,,Minnesota Vikings,WIN,20,19,HOME
1989-12-03,1989,1,0,,Tampa Bay Buccaneers,WIN,17,16,AWAY
1989-12-10,1989,1,0,,Kansas City Chiefs,LOSS,3,21,HOME
1989-12-17,1989,1,0,,Chicago Bears,WIN,40,28,AWAY
1989-12-24,1989,1,0,,Dallas Cowboys,WIN,20,10,AWAY
1990-09-09,1990,1,0,,Los Angeles Rams,WIN,36,24,HOME
1990-09-16,1990,1,0,,Chicago Bears,LOSS,13,31,HOME
1990-09-23,1990,1,0,,Kansas City Chiefs,LOSS,3,17,HOME
1990-09-30,1990,1,0,,Detroit Lions,WIN,24,21,AWAY
1990-10-07,1990,1,0,,Chicago Bears,LOSS,13,27,AWAY
1990-10-14,1990,1,0,,Tampa Bay Buccaneers,LOSS,14,26,AWAY
1990-10-28,1990,1,0,,Minnesota Vikings,WIN,24,10,HOME
1990-11-04,1990,1,0,,San Francisco 49ers,LOSS,20,24,HOME
1990-11-11,1990,1,0,,Oakland Raiders,WIN,29,16,AWAY
1990-11-18,1990,1,0,,Arizona Cardinals,WIN,24,21,AWAY
1990-11-25,1990,1,0,,Tampa Bay Buccaneers,WIN,20,10,HOME
1990-12-02,1990,1,0,,Minnesota Vikings,LOSS,7,23,AWAY
1990-12-09,1990,1,0,,Seattle Seahawks,LOSS,14,20,HOME
1990-12-16,1990,1,0,,Philadelphia Eagles,LOSS,0,31,AWAY
1990-12-22,1990,1,0,,Detroit Lions,LOSS,17,24,HOME
1990-12-30,1990,1,0,,Denver Broncos,LOSS,13,22,AWAY
1991-09-01,1991,1,0,,Philadelphia Eagles,LOSS,3,20,HOME
1991-09-08,1991,1,0,,Detroit Lions,LOSS,14,23,AWAY
1991-09-15,1991,1,0,,Tampa Bay Buccaneers,WIN,15,13,HOME
1991-09-22,1991,1,0,,Miami Dolphins,LOSS,13,16,AWAY
1991-09-29,1991,1,0,,Los Angeles Rams,LOSS,21,23,AWAY
1991-10-06,1991,1,0,,Dallas Cowboys,LOSS,17,20,HOME
1991-10-17,1991,1,0,,Chicago Bears,LOSS,0,10,HOME
1991-10-27,1991,1,0,,Tampa Bay Buccaneers,WIN,27,0,AWAY
1991-11-03,1991,1,0,,New York Jets,LOSS,16,19,AWAY
1991-11-10,1991,1,0,,Buffalo Bills,LOSS,24,34,HOME
1991-11-17,1991,1,0,,Minnesota Vikings,LOSS,21,35,HOME
1991-11-24,1991,1,0,,Indianapolis Colts,WIN,14,10,HOME
1991-12-01,1991,1,0,,Atlanta Falcons,LOSS,31,35,AWAY
1991-12-08,1991,1,0,,Chicago Bears,LOSS,13,27,AWAY
1991-12-15,1991,1,0,,Detroit Lions,LOSS,17,21,HOME
1991-12-21,1991,1,0,,Minnesota Vikings,WIN,27,7,AWAY
1992-09-06,1992,1,0,,Minnesota Vikings,LOSS,20,23,HOME
1992-09-13,1992,1,0,,Tampa Bay Buccaneers,LOSS,3,31,AWAY
1992-09-20,1992,1,0,,Cincinnati Bengals,WIN,24,23,HOME
1992-09-27,1992,1,0,,Pittsburgh Steelers,WIN,17,3,HOME
1992-10-04,1992,1,0,,Atlanta Falcons,LOSS,10,24,AWAY
1992-10-18,1992,1,0,,Cleveland Browns,LOSS,6,17,AWAY
1992-10-25,1992,1,0,,Chicago Bears,LOSS,10,30,HOME
1992-11-01,1992,1,0,,Detroit Lions,WIN,27,13,AWAY
1992-11-08,1992,1,0,,New York Giants,LOSS,7,27,AWAY
1992-11-15,1992,1,0,,Philadelphia Eagles,WIN,27,24,HOME
1992-11-22,1992,1,0,,Chicago Bears,WIN,17,3,AWAY
1992-11-29,1992,1,0,,Tampa Bay Buccaneers,WIN,19,14,HOME
1992-12-06,1992,1,0,,Detroit Lions,WIN,38,10,HOME
1992-12-13,1992,1,0,,Tennessee Titans,WIN,16,14,AWAY
1992-12-20,1992,1,0,,Los Angeles Rams,WIN,28,13,HOME
1992-12-27,1992,1,0,,Minnesota Vikings,LOSS,7,27,AWAY
1993-09-05,1993,1,0,,Los Angeles Rams,WIN,36,6,HOME
1993-09-12,1993,1,0,,Philadelphia Eagles,LOSS,17,20,HOME
1993-09-26,1993,1,0,,Minnesota Vikings,LOSS,13,15,AWAY
1993-10-03,1993,1,0,,Dallas Cowboys,LOSS,14,36,AWAY
1993-10-10,1993,1,0,,Denver Broncos,WIN,30,27,HOME
1993-10-24,1993,1,0,,Tampa Bay Buccaneers,WIN,37,14,AWAY
1993-10-31,1993,1,0,,Chicago Bears,WIN,17,3,HOME
1993-11-08,1993,1,0,,Kansas City Chiefs,LOSS,16,23,AWAY
1993-11-14,1993,1,0,,New Orleans Saints,WIN,19,17,AWAY
1993-11-21,1993,1,0,,Detroit Lions,WIN,26,17,HOME
1993-11-28,1993,1,0,,Tampa Bay Buccaneers,WIN,13,10,HOME
1993-12-05,1993,1,0,,Chicago Bears,LOSS,17,30,AWAY
1993-12-12,1993,1,0,,Los Angeles Chargers,WIN,20,13,AWAY
1993-12-19,1993,1,0,,Minnesota Vikings,LOSS,17,21,HOME
1993-12-26,1993,1,0,,Oakland Raiders,WIN,28,0,HOME
1994-01-02,1993,1,0,,Detroit Lions,LOSS,20,30,AWAY
1994-01-08,1993,0,1,,Detroit Lions,WIN,28,24,AWAY
1994-01-16,1993,0,1,,Dallas Cowboys,LOSS,17,27,AWAY
1994-09-04,1994,1,0,,Minnesota Vikings,WIN,16,10,HOME
1994-09-11,1994,1,0,,Miami Dolphins,LOSS,14,24,HOME
1994-09-18,1994,1,0,,Philadelphia Eagles,LOSS,7,13,AWAY
1994-09-25,1994,1,0,,Tampa Bay Buccaneers,WIN,30,3,HOME
1994-10-02,1994,1,0,,New England Patriots,LOSS,16,17,AWAY
1994-10-09,1994,1,0,,Los Angeles Rams,WIN,24,17,HOME
1994-10-20,1994,1,0,,Minnesota Vikings,LOSS,10,13,AWAY
1994-10-31,1994,1,0,,Chicago Bears,WIN,33,6,AWAY
1994-11-06,1994,1,0,,Detroit Lions,WIN,38,30,HOME
1994-11-13,1994,1,0,,New York Jets,WIN,17,10,HOME
1994-11-20,1994,1,0,,Buffalo Bills,LOSS,20,29,AWAY
1994-11-24,1994,1,0,,Dallas Cowboys,LOSS,31,42,AWAY
1994-12-04,1994,1,0,,Detroit Lions,LOSS,31,34,AWAY
1994-12-11,1994,1,0,,Chicago Bears,WIN,40,3,HOME
1994-12-18,1994,1,0,,Atlanta Falcons,WIN,21,17,HOME
1994-12-24,1994,1,0,,Tampa Bay Buccaneers,WIN,34,19,AWAY
1994-12-31,1994,0,1,,Detroit Lions,WIN,16,12,HOME
1995-01-08,1994,0,1,,Dallas Cowboys,LOSS,9,35,AWAY
1995-09-03,1995,1,0,,Los Angeles Rams,LOSS,14,17,HOME
1995-09-11,1995,1,0,,Chicago Bears,WIN,27,24,AWAY
1995-09-17,1995,1,0,,New York Giants,WIN,14,6,HOME
1995-09-24,1995,1,0,,Jacksonville Jaguars,WIN,24,14,AWAY
1995-10-08,1995,1,0,,Dallas Cowboys,LOSS,24,34,AWAY
1995-10-15,1995,1,0,,Detroit Lions,WIN,30,21,HOME
1995-10-22,1995,1,0,,Minnesota Vikings,WIN,38,21,HOME
1995-10-29,1995,1,0,,Detroit Lions,LOSS,16,24,AWAY
1995-11-05,1995,1,0,,Minnesota Vikings,LOSS,24,27,AWAY
1995-11-12,1995,1,0,,Chicago Bears,WIN,35,28,HOME
1995-11-19,1995,1,0,,Cleveland Browns,WIN,31,20,AWAY
1995-11-26,1995,1,0,,Tampa Bay Buccaneers,WIN,35,13,HOME
1995-12-03,1995,1,0,,Cincinnati Bengals,WIN,24,10,HOME
1995-12-10,1995,1,0,,Tampa Bay Buccaneers,LOSS,10,13,AWAY
1995-12-16,1995,1,0,,New Orleans Saints,WIN,34,23,AWAY
1995-12-24,1995,1,0,,Pittsburgh Steelers,WIN,24,19,HOME
1995-12-31,1995,0,1,,Atlanta Falcons,WIN,37,20,HOME
1996-01-06,1995,0,1,,San Francisco 49ers,WIN,27,17,AWAY
1996-01-14,1995,0,1,,Dallas Cowboys,LOSS,27,38,AWAY
1996-09-01,1996,1,0,,Tampa Bay Buccaneers,WIN,34,3,AWAY
1996-09-09,1996,1,0,,Philadelphia Eagles,WIN,39,13,HOME
1996-09-15,1996,1,0,,Los Angeles Chargers,WIN,42,10,HOME
1996-09-22,1996,1,0,,Minnesota Vikings,LOSS,21,30,AWAY
1996-09-29,1996,1,0,,Seattle Seahawks,WIN,31,10,AWAY
1996-10-06,1996,1,0,,Chicago Bears,WIN,37,6,AWAY
1996-10-14,1996,1,0,,San Francisco 49ers,WIN,23,20,HOME
1996-10-27,1996,1,0,,Tampa Bay Buccaneers,WIN,13,7,HOME
1996-11-03,1996,1,0,,Detroit Lions,WIN,28,18,HOME
1996-11-10,1996,1,0,,Kansas City Chiefs,LOSS,20,27,AWAY
1996-11-18,1996,1,0,,Dallas Cowboys,LOSS,6,21,AWAY
1996-11-24,1996,1,0,,Los Angeles Rams,WIN,24,9,AWAY
1996-12-01,1996,1,0,,Chicago Bears,WIN,28,17,HOME
1996-12-08,1996,1,0,,Denver Broncos,WIN,41,6,HOME
1996-12-15,1996,1,0,,Detroit Lions,WIN,31,3,AWAY
1996-12-22,1996,1,0,,Minnesota Vikings,WIN,38,10,HOME
1997-01-04,1996,0,1,,San Francisco 49ers,WIN,35,14,HOME
1997-01-12,1996,0,1,,Carolina Panthers,WIN,30,13,HOME
1997-01-26,1996,0,1,xxxi,New England Patriots,WIN,35,21,NEUTRAL
1997-09-01,1997,1,0,,Chicago Bears,WIN,38,24,HOME
1997-09-07,1997,1,0,,Philadelphia Eagles,LOSS,9,10,AWAY
1997-09-14,1997,1,0,,Miami Dolphins,WIN,23,18,HOME
1997-09-21,1997,1,0,,Minnesota Vikings,WIN,38,32,HOME
1997-09-28,1997,1,0,,Detroit Lions,LOSS,15,26,AWAY
1997-10-05,1997,1,0,,Tampa Bay Buccaneers,WIN,21,16,HOME
1997-10-12,1997,1,0,,Chicago Bears,WIN,24,23,AWAY
1997-10-27,1997,1,0,,New England Patriots,WIN,28,10,AWAY
1997-11-02,1997,1,0,,Detroit Lions,WIN,20,10,HOME
1997-11-09,1997,1,0,,Los Angeles Rams,WIN,17,7,HOME
1997-11-16,1997,1,0,,Indianapolis Colts,LOSS,38,41,AWAY
1997-11-23,1997,1,0,,Dallas Cowboys,WIN,45,17,HOME
1997-12-01,1997,1,0,,Minnesota Vikings,WIN,27,11,AWAY
1997-12-07,1997,1,0,,Tampa Bay Buccaneers,WIN,17,6,AWAY
1997-12-14,1997,1,0,,Carolina Panthers,WIN,31,10,AWAY
1997-12-20,1997,1,0,,Buffalo Bills,WIN,31,21,HOME
1998-01-04,1997,0,1,,Tampa Bay Buccaneers,WIN,21,7,HOME
1998-01-11,1997,0,1,,San Francisco 49ers,WIN,23,10,AWAY
1998-01-25,1997,0,1,xxxii,Denver Broncos,LOSS,24,31,HOME
1998-09-06,1998,1,0,,Detroit Lions,WIN,38,19,HOME
1998-09-13,1998,1,0,,Tampa Bay Buccaneers,WIN,23,15,HOME
1998-09-20,1998,1,0,,Cincinnati Bengals,WIN,13,6,AWAY
1998-09-27,1998,1,0,,Carolina Panthers,WIN,37,30,AWAY
1998-10-05,1998,1,0,,Minnesota Vikings,LOSS,24,37,HOME
1998-10-15,1998,1,0,,Detroit Lions,LOSS,20,27,AWAY
1998-10-25,1998,1,0,,Baltimore Ravens,WIN,28,10,HOME
1998-11-01,1998,1,0,,San Francisco 49ers,WIN,36,22,HOME
1998-11-09,1998,1,0,,Pittsburgh Steelers,LOSS,20,27,AWAY
1998-11-15,1998,1,0,,New York Giants,WIN,37,3,AWAY
1998-11-22,1998,1,0,,Minnesota Vikings,LOSS,14,28,AWAY
1998-11-29,1998,1,0,,Philadelphia Eagles,WIN,24,16,HOME
1998-12-07,1998,1,0,,Tampa Bay Buccaneers,LOSS,22,24,AWAY
1998-12-13,1998,1,0,,Chicago Bears,WIN,26,20,HOME
1998-12-20,1998,1,0,,Tennessee Titans,WIN,30,22,HOME
1998-12-27,1998,1,0,,Chicago Bears,WIN,16,13,AWAY
1999-01-03,1998,0,1,,San Francisco 49ers,LOSS,27,30,AWAY
1999-09-12,1999,1,0,,Oakland Raiders,WIN,28,24,HOME
1999-09-19,1999,1,0,,Detroit Lions,LOSS,15,23,AWAY
1999-09-26,1999,1,0,,Minnesota Vikings,WIN,23,20,HOME
1999-10-10,1999,1,0,,Tampa Bay Buccaneers,WIN,26,23,HOME
1999-10-17,1999,1,0,,Denver Broncos,LOSS,10,31,AWAY
1999-10-24,1999,1,0,,San Diego Chargers,WIN,31,3,AWAY
1999-11-01,1999,1,0,,Seattle Seahawks,LOSS,7,27,HOME
1999-11-07,1999,1,0,,Chicago Bears,LOSS,13,14,HOME
1999-11-14,1999,1,0,,Dallas Cowboys,LOSS,13,27,AWAY
1999-11-21,1999,1,0,,Detroit Lions,WIN,26,17,HOME
1999-11-29,1999,1,0,,San Francisco 49ers,WIN,20,3,AWAY
1999-12-05,1999,1,0,,Chicago Bears,WIN,35,19,AWAY
1999-12-12,1999,1,0,,Carolina Panthers,LOSS,31,33,HOME
1999-12-20,1999,1,0,,Minnesota Vikings,LOSS,20,24,AWAY
1999-12-26,1999,1,0,,Tampa Bay Buccaneers,LOSS,10,29,AWAY
2000-01-02,1999,1,0,,Arizona Cardinals,WIN,49,24,HOME
2000-09-03,2000,1,0,,New York Jets,LOSS,16,20,HOME
2000-09-10,2000,1,0,,Buffalo Bills,LOSS,18,27,AWAY
2000-09-17,2000,1,0,,Philadelphia Eagles,WIN,6,3,HOME
2000-09-24,2000,1,0,,Arizona Cardinals,WIN,29,3,AWAY
2000-10-01,2000,1,0,,Chicago Bears,LOSS,24,27,HOME
2000-10-08,2000,1,0,,Detroit Lions,LOSS,24,31,AWAY
2000-10-15,2000,1,0,,San Francisco 49ers,WIN,31,28,HOME
2000-10-29,2000,1,0,,Miami Dolphins,LOSS,20,28,AWAY
2000-11-06,2000,1,0,,Minnesota Vikings,WIN,26,20,HOME
2000-11-12,2000,1,0,,Tampa Bay Buccaneers,LOSS,15,20,AWAY
2000-11-19,2000,1,0,,Indianapolis Colts,WIN,26,24,HOME
2000-11-27,2000,1,0,,Carolina Panthers,LOSS,14,31,AWAY
2000-12-03,2000,1,0,,Chicago Bears,WIN,28,6,AWAY
2000-12-10,2000,1,0,,Detroit Lions,WIN,26,13,HOME
2000-12-17,2000,1,0,,Minnesota Vikings,WIN,33,28,AWAY
2000-12-24,2000,1,0,,Tampa Bay Buccaneers,WIN,17,14,HOME
2001-09-09,2001,1,0,,Detroit Lions,WIN,28,6,HOME
2001-09-24,2001,1,0,,Washington Commanders,WIN,37,0,HOME
2001-09-30,2001,1,0,,Carolina Panthers,WIN,28,7,AWAY
2001-10-07,2001,1,0,,Tampa Bay Buccaneers,LOSS,10,14,AWAY
2001-10-14,2001,1,0,,Baltimore Ravens,WIN,31,23,HOME
2001-10-21,2001,1,0,,Minnesota Vikings,LOSS,13,35,AWAY
2001-11-04,2001,1,0,,Tampa Bay Buccaneers,WIN,21,20,HOME
2001-11-11,2001,1,0,,Chicago Bears,WIN,20,12,AWAY
2001-11-18,2001,1,0,,Atlanta Falcons,LOSS,20,23,HOME
2001-11-22,2001,1,0,,Detroit Lions,WIN,29,27,AWAY
2001-12-03,2001,1,0,,Jacksonville Jaguars,WIN,28,21,AWAY
2001-12-09,2001,1,0,,Chicago Bears,WIN,17,7,HOME
2001-12-16,2001,1,0,,Tennessee Titans,LOSS,20,26,AWAY
2001-12-23,2001,1,0,,Cleveland Browns,WIN,30,7,HOME
2001-12-30,2001,1,0,,Minnesota Vikings,WIN,24,13,HOME
2002-01-06,2001,1,0,,New York Giants,WIN,34,25,AWAY
2002-01-13,2001,0,1,,San Francisco 49ers,WIN,25,15,HOME
2002-01-20,2001,0,1,,St. Louis Rams,LOSS,17,45,AWAY
2002-09-08,2002,1,0,,Atlanta Falcons,WIN,37,34,HOME
2002-09-15,2002,1,0,,New Orleans Saints,LOSS,20,35,AWAY
2002-09-22,2002,1,0,,Detroit Lions,WIN,37,31,AWAY
2002-09-29,2002,1,0,,Carolina Panthers,WIN,17,14,HOME
2002-10-07,2002,1,0,,Chicago Bears,WIN,34,21,AWAY
2002-10-13,2002,1,0,,New England Patriots,WIN,28,10,AWAY
2002-10-20,2002,1,0,,Washington Commanders,WIN,30,9,HOME
2002-11-04,2002,1,0,,Miami Dolphins,WIN,24,10,HOME
2002-11-10,2002,1,0,,Detroit Lions,WIN,40,14,HOME
2002-11-17,2002,1,0,,Minnesota Vikings,LOSS,21,31,AWAY
2002-11-24,2002,1,0,,Tampa Bay Buccaneers,LOSS,7,21,AWAY
2002-12-01,2002,1,0,,Chicago Bears,WIN,30,20,HOME
2002-12-08,2002,1,0,,Minnesota Vikings,WIN,26,22,HOME
2002-12-15,2002,1,0,,San Francisco 49ers,WIN,20,14,AWAY
2002-12-22,2002,1,0,,Buffalo Bills,WIN,10,0,HOME
2002-12-29,2002,1,0,,New York Jets,LOSS,17,42,AWAY
2003-01-04,2002,0,1,,Atlanta Falcons,LOSS,7,27,HOME
2003-09-07,2003,1,0,,Minnesota Vikings,LOSS,25,30,HOME
2003-09-14,2003,1,0,,Detroit Lions,WIN,31,6,HOME
2003-09-21,2003,1,0,,Arizona Cardinals,LOSS,13,20,AWAY
2003-09-29,2003,1,0,,Chicago Bears,WIN,38,23,AWAY
2003-10-05,2003,1,0,,Seattle Seahawks,WIN,35,13,HOME
2003-10-12,2003,1,0,,Kansas City Chiefs,LOSS,34,40,HOME
2003-10-19,2003,1,0,,St. Louis Rams,LOSS,24,34,AWAY
2003-11-02,2003,1,0,,Minnesota Vikings,WIN,30,27,AWAY
2003-11-10,2003,1,0,,Philadelphia Eagles,LOSS,14,17,HOME
2003-11-16,2003,1,0,,Tampa Bay Buccaneers,WIN,20,13,AWAY
2003-11-23,2003,1,0,,San Francisco 49ers,WIN,20,10,HOME
2003-11-27,2003,1,0,,Detroit Lions,LOSS,14,22,AWAY
2003-12-07,2003,1,0,,Chicago Bears,WIN,34,21,HOME
2003-12-14,2003,1,0,,San Diego Chargers,WIN,38,21,AWAY
2003-12-22,2003,1,0,,Oakland Raiders,WIN,41,7,AWAY
2003-12-28,2003,1,0,,Denver Broncos,WIN,31,3,HOME
2004-01-04,2003,0,1,,Seattle Seahawks,WIN,33,27,HOME
2004-01-11,2003,0,1,,Philadelphia Eagles,LOSS,17,20,AWAY
2004-09-13,2004,1,0,,Carolina Panthers,WIN,24,14,AWAY
2004-09-19,2004,1,0,,Chicago Bears,LOSS,10,21,HOME
2004-09-26,2004,1,0,,Indianapolis Colts,LOSS,31,45,AWAY
2004-10-03,2004,1,0,,New York Giants,LOSS,7,14,HOME
2004-10-11,2004,1,0,,Tennessee Titans,LOSS,27,48,HOME
2004-10-17,2004,1,0,,Detroit Lions,WIN,38,10,AWAY
2004-10-24,2004,1,0,,Dallas Cowboys,WIN,41,20,HOME
2004-10-31,2004,1,0,,Washington Commanders,WIN,28,14,AWAY
2004-11-14,2004,1,0,,Minnesota Vikings,WIN,34,31,HOME
2004-11-21,2004,1,0,,Houston Texans,WIN,16,13,AWAY
2004-11-29,2004,1,0,,St. Louis Rams,WIN,45,17,HOME
2004-12-05,2004,1,0,,Philadelphia Eagles,LOSS,17,47,AWAY
2004-12-12,2004,1,0,,Detroit Lions,WIN,16,13,HOME
2004-12-19,2004,1,0,,Jacksonville Jaguars,LOSS,25,28,HOME
2004-12-24,2004,1,0,,Minnesota Vikings,WIN,34,31,AWAY
2005-01-02,2004,1,0,,Chicago Bears,WIN,31,14,AWAY
2005-01-09,2004,0,1,,Minnesota Vikings,LOSS,17,31,HOME
2005-09-11,2005,1,0,,Detroit Lions,LOSS,3,17,AWAY
2005-09-18,2005,1,0,,Cleveland Browns,LOSS,24,26,HOME
2005-09-25,2005,1,0,,Tampa Bay Buccaneers,LOSS,16,17,HOME
2005-10-03,2005,1,0,,Carolina Panthers,LOSS,29,32,AWAY
2005-10-09,2005,1,0,,New Orleans Saints,WIN,52,3,HOME
2005-10-23,2005,1,0,,Minnesota Vikings,LOSS,20,23,AWAY
2005-10-30,2005,1,0,,Cincinnati Bengals,LOSS,14,21,AWAY
2005-11-06,2005,1,0,,Pittsburgh Steelers,LOSS,10,20,HOME
2005-11-13,2005,1,0,,Atlanta Falcons,WIN,33,25,AWAY
2005-11-21,2005,1,0,,Minnesota Vikings,LOSS,17,20,HOME
2005-11-27,2005,1,0,,Philadelphia Eagles,LOSS,14,19,AWAY
2005-12-04,2005,1,0,,Chicago Bears,LOSS,7,19,AWAY
2005-12-11,2005,1,0,,Detroit Lions,WIN,16,13,HOME
2005-12-19,2005,1,0,,Baltimore Ravens,LOSS,3,48,AWAY
2005-12-25,2005,1,0,,Chicago Bears,LOSS,17,24,HOME
2006-01-01,2005,1,0,,Seattle Seahawks,WIN,23,17,HOME
2006-09-10,2006,1,0,,Chicago Bears,LOSS,0,26,HOME
2006-09-17,2006,1,0,,New Orleans Saints,LOSS,27,34,HOME
2006-09-24,2006,1,0,,Detroit Lions,WIN,31,24,AWAY
2006-10-02,2006,1,0,,Philadelphia Eagles,LOSS,9,31,AWAY
2006-10-08,2006,1,0,,St. Louis Rams,LOSS,20,23,HOME
2006-10-22,2006,1,0,,Miami Dolphins,WIN,34,24,AWAY
2006-10-29,2006,1,0,,Arizona Cardinals,WIN,31,14,HOME
2006-11-05,2006,1,0,,Buffalo Bills,LOSS,10,24,AWAY
2006-11-12,2006,1,0,,Minnesota Vikings,WIN,23,17,AWAY
2006-11-19,2006,1,0,,New England Patriots,LOSS,0,35,HOME
2006-11-27,2006,1,0,,Seattle Seahawks,LOSS,24,34,AWAY
2006-12-03,2006,1,0,,New York Jets,LOSS,10,38,HOME
2006-12-10,2006,1,0,,San Francisco 49ers,WIN,30,19,AWAY
2006-12-17,2006,1,0,,Detroit Lions,WIN,17,9,HOME
2006-12-21,2006,1,0,,Minnesota Vikings,WIN,9,7,HOME
2006-12-31,2006,1,0,,Chicago Bears,WIN,26,7,AWAY
2007-09-09,2007,1,0,,Philadelphia Eagles,WIN,16,13,HOME
2007-09-16,2007,1,0,,New York Giants,WIN,35,13,AWAY
2007-09-23,2007,1,0,,San Diego Chargers,WIN,31,24,HOME
2007-09-30,2007,1,0,,Minnesota Vikings,WIN,23,16,AWAY
2007-10-07,2007,1,0,,Chicago Bears,LOSS,20,27,HOME
2007-10-14,2007,1,0,,Washington Commanders,WIN,17,14,HOME
2007-10-29,2007,1,0,,Denver Broncos,WIN,19,13,AWAY
2007-11-04,2007,1,0,,Kansas City Chiefs,WIN,33,22,AWAY
2007-11-11,2007,1,0,,Minnesota Vikings,WIN,34,0,HOME
2007-11-18,2007,1,0,,Carolina Panthers,WIN,31,17,HOME
2007-11-22,2007,1,0,,Detroit Lions,WIN,37,26,AWAY
2007-11-29,2007,1,0,,Dallas Cowboys,LOSS,27,37,AWAY
2007-12-09,2007,1,0,,Oakland Raiders,WIN,38,7,HOME
2007-12-16,2007,1,0,,St. Louis Rams,WIN,33,14,AWAY
2007-12-23,2007,1,0,,Chicago Bears,LOSS,7,35,AWAY
2007-12-30,2007,1,0,,Detroit Lions,WIN,34,13,HOME
2008-01-12,2007,0,1,,Seattle Seahawks,WIN,42,20,HOME
2008-01-20,2007,0,1,,New York Giants,LOSS,20,23,HOME
2008-09-08,2008,1,0,,Minnesota Vikings,WIN,24,19,HOME
2008-09-14,2008,1,0,,Detroit Lions,WIN,48,25,AWAY
2008-09-21,2008,1,0,,Dallas Cowboys,LOSS,16,27,HOME
2008-09-28,2008,1,0,,Tampa Bay Buccaneers,LOSS,21,30,AWAY
2008-10-05,2008,1,0,,Atlanta Falcons,LOSS,24,27,HOME
2008-10-12,2008,1,0,,Seattle Seahawks,WIN,27,17,AWAY
2008-10-19,2008,1,0,,Indianapolis Colts,WIN,34,14,HOME
2008-11-02,2008,1,0,,Tennessee Titans,LOSS,16,19,AWAY
2008-11-09,2008,1,0,,Minnesota Vikings,LOSS,27,28,AWAY
2008-11-16,2008,1,0,,Chicago Bears,WIN,37,3,HOME
2008-11-24,2008,1,0,,New Orleans Saints,LOSS,29,51,AWAY
2008-11-30,2008,1,0,,Carolina Panthers,LOSS,31,35,HOME
2008-12-07,2008,1,0,,Houston Texans,LOSS,21,24,HOME
2008-12-14,2008,1,0,,Jacksonville Jaguars,LOSS,16,20,AWAY
2008-12-22,2008,1,0,,Chicago Bears,LOSS,17,20,AWAY
2008-12-28,2008,1,0,,Detroit Lions,WIN,31,21,HOME
2009-09-13,2009,1,0,,Chicago Bears,WIN,21,15,HOME
2009-09-20,2009,1,0,,Cincinnati Bengals,LOSS,24,31,HOME
2009-09-27,2009,1,0,,St. Louis Rams,WIN,36,17,AWAY
2009-10-05,2009,1,0,,Minnesota Vikings,LOSS,23,30,AWAY
2009-10-18,2009,1,0,,Detroit Lions,WIN,26,0,HOME
2009-10-25,2009,1,0,,Cleveland Browns,WIN,31,3,AWAY
2009-11-01,2009,1,0,,Minnesota Vikings,LOSS,26,38,HOME
2009-11-08,2009,1,0,,Tampa Bay Buccaneers,LOSS,28,38,AWAY
2009-11-15,2009,1,0,,Dallas Cowboys,WIN,17,7,HOME
2009-11-22,2009,1,0,,San Francisco 49ers,WIN,30,24,HOME
2009-11-26,2009,1,0,,Detroit Lions,WIN,34,12,AWAY
2009-12-07,2009,1,0,,Baltimore Ravens,WIN,27,14,HOME
2009-12-13,2009,1,0,,Chicago Bears,WIN,21,14,AWAY
2009-12-20,2009,1,0,,Pittsburgh Steelers,LOSS,36,37,AWAY
2009-12-27,2009,1,0,,Seattle Seahawks,WIN,48,10,HOME
2010-01-03,2009,1,0,,Arizona Cardinals,WIN,33,7,AWAY
2010-01-10,2009,0,1,,Arizona Cardinals,LOSS,45,51,AWAY
2010-09-12,2010,1,0,,Philadelphia Eagles,WIN,27,20,AWAY
2010-09-19,2010,1,0,,Buffalo Bills,WIN,34,7,HOME
2010-09-27,2010,1,0,,Chicago Bears,LOSS,17,20,AWAY
2010-10-03,2010,1,0,,Detroit Lions,WIN,28,26,HOME
2010-10-10,2010,1,0,,Washington Commanders,LOSS,13,16,AWAY
2010-10-17,2010,1,0,,Miami Dolphins,LOSS,20,23,HOME
2010-10-24,2010,1,0,,Minnesota Vikings,WIN,28,24,HOME
2010-10-31,2010,1,0,,New York Jets,WIN,9,0,AWAY
2010-11-07,2010,1,0,,Dallas Cowboys,WIN,45,7,HOME
2010-11-21,2010,1,0,,Minnesota Vikings,WIN,31,3,AWAY
2010-11-28,2010,1,0,,Atlanta Falcons,LOSS,17,20,AWAY
2010-12-05,2010,1,0,,San Francisco 49ers,WIN,34,16,HOME
2010-12-12,2010,1,0,,Detroit Lions,LOSS,3,7,AWAY
2010-12-19,2010,1,0,,New England Patriots,LOSS,27,31,AWAY
2010-12-26,2010,1,0,,New York Giants,WIN,45,17,HOME
2011-01-02,2010,1,0,,Chicago Bears,WIN,10,3,HOME
2011-01-09,2010,0,1,,Philadelphia Eagles,WIN,21,16,AWAY
2011-01-15,2010,0,1,,Atlanta Falcons,WIN,48,21,AWAY
2011-01-23,2010,0,1,,Chicago Bears,WIN,21,14,AWAY
2011-02-06,2010,0,1,SB,Pittsburgh Steelers,WIN,31,25,NEUTRAL
2011-09-08,2011,1,0,,New Orleans Saints,WIN,42,34,HOME
2011-09-18,2011,1,0,,Carolina Panthers,WIN,30,23,AWAY
2011-09-25,2011,1,0,,Chicago Bears,WIN,27,17,AWAY
2011-10-02,2011,1,0,,Denver Broncos,WIN,49,23,HOME
2011-10-09,2011,1,0,,Atlanta Falcons,WIN,25,14,AWAY
2011-10-16,2011,1,0,,St. Louis Rams,WIN,24,3,HOME
2011-10-23,2011,1,0,,Minnesota Vikings,WIN,33,27,AWAY
2011-11-06,2011,1,0,,San Diego Chargers,WIN,45,38,AWAY
2011-11-14,2011,1,0,,Minnesota Vikings,WIN,45,7,HOME
2011-11-20,2011,1,0,,Tampa Bay Buccaneers,WIN,35,26,HOME
2011-11-24,2011,1,0,,Detroit Lions,WIN,27,15,AWAY
2011-12-04,2011,1,0,,New York Giants,WIN,38,35,AWAY
2011-12-11,2011,1,0,,Oakland Raiders,WIN,46,16,HOME
2011-12-18,2011,1,0,,Kansas City Chiefs,LOSS,14,19,AWAY
2011-12-25,2011,1,0,,Chicago Bears,WIN,35,21,HOME
2012-01-01,2011,1,0,,Detroit Lions,WIN,45,41,HOME
2012-01-15,2011,0,1,,New York Giants,LOSS,20,37,HOME
2012-09-09,2012,1,0,,San Francisco 49ers,LOSS,22,30,HOME
2012-09-13,2012,1,0,,Chicago Bears,WIN,23,10,HOME
2012-09-24,2012,1,0,,Seattle Seahawks,LOSS,12,14,AWAY
2012-09-30,2012,1,0,,New Orleans Saints,WIN,28,27,HOME
2012-10-07,2012,1,0,,Indianapolis Colts,LOSS,27,30,AWAY
2012-10-14,2012,1,0,,Houston Texans,WIN,42,24,AWAY
2012-10-21,2012,1,0,,St. Louis Rams,WIN,30,20,AWAY
2012-10-28,2012,1,0,,Jacksonville Jaguars,WIN,24,15,HOME
2012-11-04,2012,1,0,,Arizona Cardinals,WIN,31,17,HOME
2012-11-18,2012,1,0,,Detroit Lions,WIN,24,20,AWAY
2012-11-25,2012,1,0,,New York Giants,LOSS,10,38,AWAY
2012-12-02,2012,1,0,,Minnesota Vikings,WIN,23,14,HOME
2012-12-09,2012,1,0,,Detroit Lions,WIN,27,20,HOME
2012-12-16,2012,1,0,,Chicago Bears,WIN,21,13,AWAY
2012-12-23,2012,1,0,,Tennessee Titans,WIN,55,7,HOME
2012-12-30,2012,1,0,,Minnesota Vikings,LOSS,34,37,AWAY
2013-01-05,2012,0,1,,Minnesota Vikings,WIN,24,10,HOME
2013-01-12,2012,0,1,,San Francisco 49ers,LOSS,31,45,AWAY
2013-09-08,2013,1,0,,San Francisco 49ers,LOSS,28,34,AWAY
2013-09-15,2013,1,0,,Washington Commanders,WIN,38,20,HOME
2013-09-22,2013,1,0,,Cincinnati Bengals,LOSS,30,34,AWAY
2013-10-06,2013,1,0,,Detroit Lions,WIN,22,9,HOME
2013-10-13,2013,1,0,,Baltimore Ravens,WIN,19,17,AWAY
2013-10-20,2013,1,0,,Cleveland Browns,WIN,31,13,HOME
2013-10-27,2013,1,0,,Minnesota Vikings,WIN,44,31,AWAY
2013-11-04,2013,1,0,,Chicago Bears,LOSS,20,27,HOME
2013-11-10,2013,1,0,,Philadelphia Eagles,LOSS,13,27,HOME
2013-11-17,2013,1,0,,New York Giants,LOSS,13,27,AWAY
2013-11-24,2013,1,0,,Minnesota Vikings,TIE,26,26,HOME
2013-11-28,2013,1,0,,Detroit Lions,LOSS,10,40,AWAY
2013-12-08,2013,1,0,,Atlanta Falcons,WIN,22,21,HOME
2013-12-15,2013,1,0,,Dallas Cowboys,WIN,37,36,AWAY
2013-12-22,2013,1,0,,Pittsburgh Steelers,LOSS,31,38,HOME
2013-12-29,2013,1,0,,Chicago Bears,WIN,33,28,AWAY
2014-01-05,2013,0,1,,San Francisco 49ers,LOSS,20,23,HOME
2014-09-04,2014,1,0,,Seattle Seahawks,LOSS,16,36,AWAY
2014-09-14,2014,1,0,,New York Jets,WIN,31,24,HOME
2014-09-21,2014,1,0,,Detroit Lions,LOSS,7,19,AWAY
2014-09-28,2014,1,0,,Chicago Bears,WIN,38,17,AWAY
2014-10-02,2014,1,0,,Minnesota Vikings,WIN,42,10,HOME
2014-10-12,2014,1,0,,Miami Dolphins,WIN,27,24,AWAY
2014-10-19,2014,1,0,,Carolina Panthers,WIN,38,17,HOME
2014-10-26,2014,1,0,,New Orleans Saints,LOSS,23,44,AWAY
2014-11-09,2014,1,0,,Chicago Bears,WIN,55,14,HOME
2014-11-16,2014,1,0,,Philadelphia Eagles,WIN,53,20,HOME
2014-11-23,2014,1,0,,Minnesota Vikings,WIN,24,21,AWAY
2014-11-30,2014,1,0,,New England Patriots,WIN,26,21,HOME
2014-12-08,2014,1,0,,Atlanta Falcons,WIN,43,37,HOME
2014-12-14,2014,1,0,,Buffalo Bills,LOSS,13,21,AWAY
2014-12-21,2014,1,0,,Tampa Bay Buccaneers,WIN,20,3,AWAY
2014-12-28,2014,1,0,,Detroit Lions,WIN,30,20,HOME
2015-01-11,2014,0,1,,Dallas Cowboys,WIN,26,21,HOME
2015-01-18,2014,0,1,,Seattle Seahawks,LOSS,22,28,AWAY
2015-09-13,2015,1,0,,Chicago Bears,WIN,31,23,AWAY
2015-09-20,2015,1,0,,Seattle Seahawks,WIN,27,17,HOME
2015-09-28,2015,1,0,,Kansas City Chiefs,WIN,38,28,HOME
2015-10-04,2015,1,0,,San Francisco 49ers,WIN,17,3,AWAY
2015-10-11,2015,1,0,,St. Louis Rams,WIN,24,10,HOME
2015-10-18,2015,1,0,,San Diego Chargers,WIN,27,20,HOME
2015-11-01,2015,1,0,,Denver Broncos,LOSS,10,29,AWAY
2015-11-08,2015,1,0,,Carolina Panthers,LOSS,29,37,AWAY
2015-11-15,2015,1,0,,Detroit Lions,LOSS,16,18,HOME
2015-11-22,2015,1,0,,Minnesota Vikings,WIN,30,13,AWAY
2015-11-26,2015,1,0,,Chicago Bears,LOSS,13,17,HOME
2015-12-03,2015,1,0,,Detroit Lions,WIN,27,23,AWAY
2015-12-13,2015,1,0,,Dallas Cowboys,WIN,28,7,HOME
2015-12-20,2015,1,0,,Oakland Raiders,WIN,30,20,AWAY
2015-12-27,2015,1,0,,Arizona Cardinals,LOSS,8,38,AWAY
2016-01-03,2015,1,0,,Minnesota Vikings,LOSS,13,20,HOME
2016-01-10,2015,0,1,,Washington Commanders,WIN,35,18,AWAY
2016-01-16,2015,0,1,,Arizona Cardinals,LOSS,20,26,AWAY
2016-09-11,2016,1,0,,Jacksonville Jaguars,WIN,27,23,AWAY
2016-09-18,2016,1,0,,Minnesota Vikings,LOSS,14,17,AWAY
2016-09-25,2016,1,0,,Detroit Lions,WIN,34,27,HOME
2016-10-09,2016,1,0,,New York Giants,WIN,23,16,HOME
2016-10-16,2016,1,0,,Dallas Cowboys,LOSS,16,30,HOME
2016-10-20,2016,1,0,,Chicago Bears,WIN,26,10,HOME
2016-10-30,2016,1,0,,Atlanta Falcons,LOSS,32,33,AWAY
2016-11-06,2016,1,0,,Indianapolis Colts,LOSS,26,31,HOME
2016-11-13,2016,1,0,,Tennessee Titans,LOSS,25,47,AWAY
2016-11-20,2016,1,0,,Washington Commanders,LOSS,24,42,AWAY
2016-11-28,2016,1,0,,Philadelphia Eagles,WIN,27,13,AWAY
2016-12-04,2016,1,0,,Houston Texans,WIN,21,13,HOME
2016-12-11,2016,1,0,,Seattle Seahawks,WIN,38,10,HOME
2016-12-18,2016,1,0,,Chicago Bears,WIN,30,27,AWAY
2016-12-24,2016,1,0,,Minnesota Vikings,WIN,38,25,HOME
2017-01-01,2016,1,0,,Detroit Lions,WIN,31,24,AWAY
2017-01-08,2016,0,1,,New York Giants,WIN,38,13,HOME
2017-01-15,2016,0,1,,Dallas Cowboys,WIN,34,31,AWAY
2017-01-22,2016,0,1,,Atlanta Falcons,LOSS,21,44,AWAY
2017-09-10,2017,1,0,,Seattle Seahawks,WIN,17,9,HOME
2017-09-17,2017,1,0,,Atlanta Falcons,LOSS,23,34,AWAY
2017-09-24,2017,1,0,,Cincinnati Bengals,WIN,27,24,HOME
2017-09-28,2017,1,0,,Chicago Bears,WIN,35,14,HOME
2017-10-08,2017,1,0,,Dallas Cowboys,WIN,35,31,AWAY
2017-10-15,2017,1,0,,Minnesota Vikings,LOSS,10,23,AWAY
2017-10-22,2017,1,0,,New Orleans Saints,LOSS,17,26,HOME
2017-11-06,2017,1,0,,Detroit Lions,LOSS,17,30,HOME
2017-11-12,2017,1,0,,Chicago Bears,WIN,23,16,AWAY
2017-11-19,2017,1,0,,Baltimore Ravens,LOSS,0,23,HOME
2017-11-26,2017,1,0,,Pittsburgh Steelers,LOSS,28,31,AWAY
2017-12-03,2017,1,0,,Tampa Bay Buccaneers,WIN,26,20,HOME
2017-12-10,2017,1,0,,Cleveland Browns,WIN,27,21,AWAY
2017-12-17,2017,1,0,,Carolina Panthers,LOSS,24,31,AWAY
2017-12-23,2017,1,0,,Minnesota Vikings,LOSS,0,16,HOME
2017-12-31,2017,1,0,,Detroit Lions,LOSS,11,35,AWAY
2018-09-09,2018,1,0,,Chicago Bears,WIN,24,23,HOME
2018-09-16,2018,1,0,,Minnesota Vikings,TIE,29,29,HOME
2018-09-23,2018,1,0,,Washington Commanders,LOSS,17,31,AWAY
2018-09-30,2018,1,0,,Buffalo Bills,WIN,22,0,HOME
2018-10-07,2018,1,0,,Detroit Lions,LOSS,23,31,AWAY
2018-10-15,2018,1,0,,San Francisco 49ers,WIN,33,30,HOME
2018-10-28,2018,1,0,,Los Angeles Rams,LOSS,27,29,AWAY
2018-11-04,2018,1,0,,New England Patriots,LOSS,17,31,AWAY
2018-11-11,2018,1,0,,Miami Dolphins,WIN,31,12,HOME
2018-11-15,2018,1,0,,Seattle Seahawks,LOSS,24,27,AWAY
2018-11-25,2018,1,0,,Minnesota Vikings,LOSS,17,24,AWAY
2018-12-02,2018,1,0,,Arizona Cardinals,LOSS,17,20,HOME
2018-12-09,2018,1,0,,Atlanta Falcons,WIN,34,20,HOME
2018-12-16,2018,1,0,,Chicago Bears,LOSS,17,24,AWAY
2018-12-23,2018,1,0,,New York Jets,WIN,44,38,AWAY
2018-12-30,2018,1,0,,Detroit Lions,LOSS,0,31,HOME
2019-09-05,2019,1,0,,Chicago Bears,WIN,10,3,AWAY
2019-09-15,2019,1,0,,Minnesota Vikings,WIN,21,16,HOME
2019-09-22,2019,1,0,,Denver Broncos,WIN,27,16,HOME
2019-09-26,2019,1,0,,Philadelphia Eagles,LOSS,27,34,HOME
2019-10-06,2019,1,0,,Dallas Cowboys,WIN,34,24,AWAY
2019-10-14,2019,1,0,,Detroit Lions,WIN,23,22,HOME
2019-10-20,2019,1,0,,Oakland Raiders,WIN,42,24,HOME
2019-10-27,2019,1,0,,Kansas City Chiefs,WIN,31,24,AWAY
2019-11-03,2019,1,0,,Los Angeles Chargers,LOSS,11,26,AWAY
2019-11-10,2019,1,0,,Carolina Panthers,WIN,24,16,HOME
2019-11-24,2019,1,0,,San Francisco 49ers,LOSS,8,37,AWAY
2019-12-01,2019,1,0,,New York Giants,WIN,31,13,AWAY
2019-12-08,2019,1,0,,Washington Commanders,WIN,20,15,HOME
2019-12-15,2019,1,0,,Chicago Bears,WIN,21,13,HOME
2019-12-23,2019,1,0,,Minnesota Vikings,WIN,23,10,AWAY
2019-12-29,2019,1,0,,Detroit Lions,WIN,23,20,AWAY
2020-01-12,2019,0,1,,Seattle Seahawks,WIN,28,23,HOME
2020-01-19,2019,0,1,,San Francisco 49ers,LOSS,20,37,AWAY
2020-09-13,2020,1,0,,Minnesota Vikings,WIN,43,34,AWAY
2020-09-20,2020,1,0,,Detroit Lions,WIN,42,21,HOME
2020-09-27,2020,1,0,,New Orleans Saints,WIN,37,30,AWAY
2020-10-05,2020,1,0,,Atlanta Falcons,WIN,30,16,HOME
2020-10-18,2020,1,0,,Tampa Bay Buccaneers,LOSS,10,38,AWAY
2020-10-25,2020,1,0,,Houston Texans,WIN,35,20,AWAY
2020-11-01,2020,1,0,,Minnesota Vikings,LOSS,22,28,HOME
2020-11-05,2020,1,0,,San Francisco 49ers,WIN,34,17,AWAY
2020-11-15,2020,1,0,,Jacksonville Jaguars,WIN,24,20,HOME
2020-11-22,2020,1,0,,Indianapolis Colts,LOSS,31,34,AWAY
2020-11-29,2020,1,0,,Chicago Bears,WIN,41,25,HOME
2020-12-06,2020,1,0,,Philadelphia Eagles,WIN,30,16,HOME
2020-12-13,2020,1,0,,Detroit Lions,WIN,31,24,AWAY
2020-12-19,2020,1,0,,Carolina Panthers,WIN,24,16,HOME
2020-12-27,2020,1,0,,Tennessee Titans,WIN,40,14,HOME
2021-01-03,2020,1,0,,Chicago Bears,WIN,35,16,AWAY
2021-01-16,2020,0,1,,Los Angeles Rams,WIN,32,18,HOME
2021-01-24,2020,0,1,,Tampa Bay Buccaneers,LOSS,26,31,HOME
2021-09-12,2021,1,0,,New Orleans Saints,LOSS,3,38,NEUTRAL
2021-09-20,2021,1,0,,Detroit Lions,WIN,35,17,HOME
2021-09-26,2021,1,0,,San Francisco 49ers,WIN,30,28,AWAY
2021-10-03,2021,1,0,,Pittsburgh Steelers,WIN,27,17,HOME
2021-10-10,2021,1,0,,Cincinnati Bengals,WIN,25,22,AWAY
2021-10-17,2021,1,0,,Chicago Bears,WIN,24,14,AWAY
2021-10-24,2021,1,0,,Washington Commanders,WIN,24,10,HOME
2021-10-28,2021,1,0,,Arizona Cardinals,WIN,24,21,AWAY
2021-11-07,2021,1,0,,Kansas City Chiefs,LOSS,7,13,AWAY
2021-11-14,2021,1,0,,Seattle Seahawks,WIN,17,0,HOME
2021-11-21,2021,1,0,,Minnesota Vikings,LOSS,31,34,AWAY
2021-11-28,2021,1,0,,Los Angeles Rams,WIN,36,28,HOME
2021-12-12,2021,1,0,,Chicago Bears,WIN,45,30,HOME
2021-12-19,2021,1,0,,Baltimore Ravens,WIN,31,30,AWAY
2021-12-25,2021,1,0,,Cleveland Browns,WIN,24,22,HOME
2022-01-02,2021,1,0,,Minnesota Vikings,WIN,37,10,HOME
2022-01-09,2021,1,0,,Detroit Lions,LOSS,30,37,AWAY
2022-01-22,2021,0,1,,San Francisco 49ers,LOSS,10,13,HOME
2022-09-11,2022,1,0,,Minnesota Vikings,LOSS,7,23,AWAY
2022-09-18,2022,1,0,,Chicago Bears,WIN,27,10,HOME
2022-09-25,2022,1,0,,Tampa Bay Buccaneers,WIN,14,12,AWAY
2022-10-02,2022,1,0,,New England Patriots,WIN,27,24,HOME
2022-10-09,2022,1,0,,New York Giants,LOSS,22,27,NEUTRAL
2022-10-16,2022,1,0,,New York Jets,LOSS,10,27,HOME
2022-10-23,2022,1,0,,Washington Commanders,LOSS,21,23,AWAY
2022-10-30,2022,1,0,,Buffalo Bills,LOSS,17,27,AWAY
2022-11-06,2022,1,0,,Detroit Lions,LOSS,9,15,AWAY
2022-11-13,2022,1,0,,Dallas Cowboys,WIN,31,28,HOME
2022-11-17,2022,1,0,,Tennessee Titans,LOSS,17,27,HOME
2022-11-27,2022,1,0,,Philadelphia Eagles,LOSS,33,40,AWAY
2022-12-04,2022,1,0,,Chicago Bears,WIN,28,19,AWAY
2022-12-19,2022,1,0,,Los Angeles Rams,WIN,24,12,HOME
2022-12-25,2022,1,0,,Miami Dolphins,WIN,26,20,AWAY
2023-01-01,2022,1,0,,Minnesota Vikings,WIN,41,17,HOME
2023-01-08,2022,1,0,,Detroit Lions,LOSS,16,20,HOME
2023-09-10,2023,1,0,,Chicago Bears,WIN,38,20,AWAY
2023-09-17,2023,1,0,,Atlanta Falcons,LOSS,24,25,AWAY
2023-09-24,2023,1,0,,New Orleans Saints,WIN,18,17,HOME
2023-09-28,2023,1,0,,Detroit Lions,LOSS,20,34,HOME
2023-10-09,2023,1,0,,Las Vegas Raiders,LOSS,13,17,AWAY
2023-10-22,2023,1,0,,Denver Broncos,LOSS,17,19,AWAY
2023-10-29,2023,1,0,,Minnesota Vikings,LOSS,10,24,HOME
2023-11-05,2023,1,0,,Los Angeles Rams,WIN,20,3,HOME
2023-11-12,2023,1,0,,Pittsburgh Steelers,LOSS,19,23,AWAY
2023-11-19,2023,1,0,,Los Angeles Chargers,WIN,23,20,HOME
2023-11-23,2023,1,0,,Detroit Lions,WIN,29,22,AWAY
2023-12-03,2023,1,0,,Kansas City Chiefs,WIN,27,19,HOME
2023-12-11,2023,1,0,,New York Giants,LOSS,22,24,AWAY
2023-12-17,2023,1,0,,Tampa Bay Buccaneers,LOSS,20,34,HOME
2023-12-24,2023,1,0,,Carolina Panthers,WIN,33,30,AWAY
2023-12-31,2023,1,0,,Minnesota Vikings,WIN,33,10,AWAY
2024-01-07,2023,1,0,,Chicago Bears,WIN,17,9,HOME
2024-01-14,2023,0,1,,Dallas Cowboys,WIN,48,32,AWAY
2024-01-20,2023,0,1,,San Francisco 49ers,LOSS,21,24,AWAY
2024-09-06,2024,1,0,,Philadelphia Eagles,LOSS,29,34,NEUTRAL
2024-09-15,2024,1,0,,Indianapolis Colts,WIN,16,10,HOME
2024-09-22,2024,1,0,,Tennessee Titans,WIN,30,14,AWAY
2024-09-29,2024,1,0,,Minnesota Vikings,LOSS,29,31,HOME
2024-10-06,2024,1,0,,Los Angeles Rams,WIN,24,19,AWAY
2024-10-13,2024,1,0,,Arizona Cardinals,WIN,34,13,HOME
2024-10-20,2024,1,0,,Houston Texans,WIN,24,22,HOME
2024-10-27,2024,1,0,,Jacksonville Jaguars,WIN,30,27,AWAY
2024-11-03,2024,1,0,,Detroit Lions,LOSS,14,24,HOME
2024-11-17,2024,1,0,,Chicago Bears,WIN,20,19,AWAY
2024-11-24,2024,1,0,,San Francisco 49ers,WIN,38,10,HOME
2024-11-28,2024,1,0,,Miami Dolphins,WIN,30,17,HOME
2024-12-05,2024,1,0,,Detroit Lions,LOSS,31,34,AWAY
2024-12-15,2024,1,0,,Seattle Seahawks,WIN,30,13,AWAY
2024-12-23,2024,1,0,,New Orleans Saints,WIN,34,0,HOME
2024-12-29,2024,1,0,,Minnesota Vikings,LOSS,25,27,AWAY
2025-01-05,2024,1,0,,Chicago Bears,LOSS,22,24,HOME
2025-01-12,2024,0,1,,Philadelphia Eagles,LOSS,10,22,AWAY
2025-09-07,2025,1,0,,Detroit Lions,WIN,27,13,HOME
2025-09-11,2025,1,0,,Washington Commanders,WIN,27,18,HOME
2025-09-21,2025,1,0,,Cleveland Browns,LOSS,10,13,AWAY
2025-09-28,2025,1,0,,Dallas Cowboys,TIE,40,40,AWAY
2025-10-12,2025,1,0,,Cincinnati Bengals,WIN,27,18,HOME
2025-10-19,2025,1,0,,Arizona Cardinals,WIN,27,23,AWAY
2025-10-26,2025,1,0,,Pittsburgh Steelers,WIN,35,25,AWAY
2025-11-02,2025,1,0,,Carolina Panthers,LOSS,13,16,HOME
2025-11-10,2025,1,0,,Philadelphia Eagles,LOSS,7,10,HOME
2025-11-16,2025,1,0,,New York Giants,WIN,27,20,AWAY
2025-11-23,2025,1,0,,Minnesota Vikings,WIN,23,6,HOME
2025-11-27,2025,1,0,,Detroit Lions,WIN,31,24,AWAY
2025-12-07,2025,1,0,,Chicago Bears,WIN,28,21,HOME
2025-12-14,2025,1,0,,Denver Broncos,LOSS,26,34,AWAY
2025-12-20,2025,1,0,,Chicago Bears,LOSS,16,22,AWAY
2025-12-27,2025,1,0,,Baltimore Ravens,LOSS,24,41,HOME
2026-01-04,2025,1,0,,Minnesota Vikings,LOSS,3,16,AWAY
2026-01-10,2025,0,1,,Chicago Bears,LOSS,27,31,AWAY
